ISO-10303-21;
HEADER;
FILE_DESCRIPTION(('KiCad electronic assembly'),'2;1');
FILE_NAME('hackpad.step','2026-08-22T18:10:33',('Pcbnew'),('Kicad'),
  'Open CASCADE STEP processor 7.9','KiCad to STEP converter','Unknown'
  );
FILE_SCHEMA(('AUTOMOTIVE_DESIGN { 1 0 10303 214 1 1 1 1 }'));
ENDSEC;
DATA;
#1 = APPLICATION_PROTOCOL_DEFINITION('international standard',
  'automotive_design',2000,#2);
#2 = APPLICATION_CONTEXT(
  'core data for automotive mechanical design processes');
#3 = SHAPE_DEFINITION_REPRESENTATION(#4,#10);
#4 = PRODUCT_DEFINITION_SHAPE('','',#5);
#5 = PRODUCT_DEFINITION('design','',#6,#9);
#6 = PRODUCT_DEFINITION_FORMATION('','',#7);
#7 = PRODUCT('hackpad 1','hackpad 1','',(#8));
#8 = PRODUCT_CONTEXT('',#2,'mechanical');
#9 = PRODUCT_DEFINITION_CONTEXT('part definition',#2,'design');
#10 = SHAPE_REPRESENTATION('',(#11,#15,#19,#23,#27,#31,#35,#39),#43);
#11 = AXIS2_PLACEMENT_3D('',#12,#13,#14);
#12 = CARTESIAN_POINT('',(0.,0.,0.));
#13 = DIRECTION('',(0.,0.,1.));
#14 = DIRECTION('',(1.,0.,-0.));
#15 = AXIS2_PLACEMENT_3D('',#16,#17,#18);
#16 = CARTESIAN_POINT('',(151.5,-98.31,-8.5E-02));
#17 = DIRECTION('',(1.224646799147E-16,-1.359631073447E-32,-1.));
#18 = DIRECTION('',(1.110223024625E-16,1.,0.));
#19 = AXIS2_PLACEMENT_3D('',#20,#21,#22);
#20 = CARTESIAN_POINT('',(170.5,-98.31,-8.5E-02));
#21 = DIRECTION('',(1.224646799147E-16,-1.359631073447E-32,-1.));
#22 = DIRECTION('',(1.110223024625E-16,1.,0.));
#23 = AXIS2_PLACEMENT_3D('',#24,#25,#26);
#24 = CARTESIAN_POINT('',(132.5,-78.31,-8.5E-02));
#25 = DIRECTION('',(1.224646799147E-16,-1.359631073447E-32,-1.));
#26 = DIRECTION('',(1.110223024625E-16,1.,0.));
#27 = AXIS2_PLACEMENT_3D('',#28,#29,#30);
#28 = CARTESIAN_POINT('',(132.5,-98.31,-8.5E-02));
#29 = DIRECTION('',(1.224646799147E-16,-1.359631073447E-32,-1.));
#30 = DIRECTION('',(1.110223024625E-16,1.,0.));
#31 = AXIS2_PLACEMENT_3D('',#32,#33,#34);
#32 = CARTESIAN_POINT('',(170.5,-78.31,-8.5E-02));
#33 = DIRECTION('',(1.224646799147E-16,-1.359631073447E-32,-1.));
#34 = DIRECTION('',(1.110223024625E-16,1.,0.));
#35 = AXIS2_PLACEMENT_3D('',#36,#37,#38);
#36 = CARTESIAN_POINT('',(151.5,-78.31,-8.5E-02));
#37 = DIRECTION('',(1.224646799147E-16,-1.359631073447E-32,-1.));
#38 = DIRECTION('',(1.110223024625E-16,1.,0.));
#39 = AXIS2_PLACEMENT_3D('',#40,#41,#42);
#40 = CARTESIAN_POINT('',(0.,0.,0.));
#41 = DIRECTION('',(0.,0.,1.));
#42 = DIRECTION('',(1.,0.,-0.));
#43 = ( GEOMETRIC_REPRESENTATION_CONTEXT(3) 
GLOBAL_UNCERTAINTY_ASSIGNED_CONTEXT((#47)) GLOBAL_UNIT_ASSIGNED_CONTEXT(
(#44,#45,#46)) REPRESENTATION_CONTEXT('Context #1',
  '3D Context with UNIT and UNCERTAINTY') );
#44 = ( LENGTH_UNIT() NAMED_UNIT(*) SI_UNIT(.MILLI.,.METRE.) );
#45 = ( NAMED_UNIT(*) PLANE_ANGLE_UNIT() SI_UNIT($,.RADIAN.) );
#46 = ( NAMED_UNIT(*) SI_UNIT($,.STERADIAN.) SOLID_ANGLE_UNIT() );
#47 = UNCERTAINTY_MEASURE_WITH_UNIT(LENGTH_MEASURE(1.E-07),#44,
  'distance_accuracy_value','confusion accuracy');
#48 = PRODUCT_RELATED_PRODUCT_CATEGORY('part',$,(#7));
#49 = SHAPE_DEFINITION_REPRESENTATION(#50,#56);
#50 = PRODUCT_DEFINITION_SHAPE('','',#51);
#51 = PRODUCT_DEFINITION('design','',#52,#55);
#52 = PRODUCT_DEFINITION_FORMATION('','',#53);
#53 = PRODUCT('D_DO-35_SOD27_P7.62mm_Horizontal',
  'D_DO-35_SOD27_P7.62mm_Horizontal','',(#54));
#54 = PRODUCT_CONTEXT('',#2,'mechanical');
#55 = PRODUCT_DEFINITION_CONTEXT('part definition',#2,'design');
#56 = SHAPE_REPRESENTATION('',(#11,#57,#212),#407);
#57 = MANIFOLD_SOLID_BREP('',#58);
#58 = CLOSED_SHELL('',(#59,#92,#118,#143,#169,#194,#203));
#59 = ADVANCED_FACE('',(#60),#87,.T.);
#60 = FACE_BOUND('',#61,.T.);
#61 = EDGE_LOOP('',(#62,#72,#79,#80));
#62 = ORIENTED_EDGE('',*,*,#63,.T.);
#63 = EDGE_CURVE('',#64,#66,#68,.T.);
#64 = VERTEX_POINT('',#65);
#65 = CARTESIAN_POINT('',(0.25,0.,-2.5));
#66 = VERTEX_POINT('',#67);
#67 = CARTESIAN_POINT('',(0.25,1.E-15,1.));
#68 = LINE('',#69,#70);
#69 = CARTESIAN_POINT('',(0.25,6.7E-16,1.));
#70 = VECTOR('',#71,1.);
#71 = DIRECTION('',(0.,2.2E-16,1.));
#72 = ORIENTED_EDGE('',*,*,#73,.F.);
#73 = EDGE_CURVE('',#66,#66,#74,.T.);
#74 = CIRCLE('',#75,0.25);
#75 = AXIS2_PLACEMENT_3D('',#76,#77,#78);
#76 = CARTESIAN_POINT('',(0.,6.7E-16,1.));
#77 = DIRECTION('',(-0.,2.2E-16,1.));
#78 = DIRECTION('',(1.,0.,0.));
#79 = ORIENTED_EDGE('',*,*,#63,.F.);
#80 = ORIENTED_EDGE('',*,*,#81,.T.);
#81 = EDGE_CURVE('',#64,#64,#82,.T.);
#82 = CIRCLE('',#83,0.25);
#83 = AXIS2_PLACEMENT_3D('',#84,#85,#86);
#84 = CARTESIAN_POINT('',(0.,-1.1E-16,-2.5));
#85 = DIRECTION('',(-0.,2.2E-16,1.));
#86 = DIRECTION('',(1.,0.,0.));
#87 = CYLINDRICAL_SURFACE('',#88,0.25);
#88 = AXIS2_PLACEMENT_3D('',#89,#90,#91);
#89 = CARTESIAN_POINT('',(0.,6.7E-16,1.));
#90 = DIRECTION('',(0.,2.2E-16,1.));
#91 = DIRECTION('',(1.,0.,-0.));
#92 = ADVANCED_FACE('',(#93),#113,.T.);
#93 = FACE_BOUND('',#94,.T.);
#94 = EDGE_LOOP('',(#95,#104,#111,#112));
#95 = ORIENTED_EDGE('',*,*,#96,.T.);
#96 = EDGE_CURVE('',#66,#97,#99,.T.);
#97 = VERTEX_POINT('',#98);
#98 = CARTESIAN_POINT('',(0.5,1.E-15,1.25));
#99 = CIRCLE('',#100,0.25);
#100 = AXIS2_PLACEMENT_3D('',#101,#102,#103);
#101 = CARTESIAN_POINT('',(0.5,7.6E-16,1.));
#102 = DIRECTION('',(0.,1.,-2.2E-16));
#103 = DIRECTION('',(1.,0.,0.));
#104 = ORIENTED_EDGE('',*,*,#105,.T.);
#105 = EDGE_CURVE('',#97,#97,#106,.T.);
#106 = CIRCLE('',#107,0.25);
#107 = AXIS2_PLACEMENT_3D('',#108,#109,#110);
#108 = CARTESIAN_POINT('',(0.5,7.8E-16,1.5));
#109 = DIRECTION('',(-1.,0.,-1.8E-16));
#110 = DIRECTION('',(-1.8E-16,2.2E-16,1.));
#111 = ORIENTED_EDGE('',*,*,#96,.F.);
#112 = ORIENTED_EDGE('',*,*,#73,.T.);
#113 = TOROIDAL_SURFACE('',#114,0.5,0.25);
#114 = AXIS2_PLACEMENT_3D('',#115,#116,#117);
#115 = CARTESIAN_POINT('',(0.5,6.7E-16,1.));
#116 = DIRECTION('',(0.,1.,-2.2E-16));
#117 = DIRECTION('',(1.,0.,0.));
#118 = ADVANCED_FACE('',(#119),#138,.T.);
#119 = FACE_BOUND('',#120,.T.);
#120 = EDGE_LOOP('',(#121,#129,#136,#137));
#121 = ORIENTED_EDGE('',*,*,#122,.T.);
#122 = EDGE_CURVE('',#97,#123,#125,.T.);
#123 = VERTEX_POINT('',#124);
#124 = CARTESIAN_POINT('',(7.12,1.E-15,1.25));
#125 = LINE('',#126,#127);
#126 = CARTESIAN_POINT('',(0.5,7.2E-16,1.25));
#127 = VECTOR('',#128,1.);
#128 = DIRECTION('',(1.,0.,0.));
#129 = ORIENTED_EDGE('',*,*,#130,.F.);
#130 = EDGE_CURVE('',#123,#123,#131,.T.);
#131 = CIRCLE('',#132,0.25);
#132 = AXIS2_PLACEMENT_3D('',#133,#134,#135);
#133 = CARTESIAN_POINT('',(7.12,7.8E-16,1.5));
#134 = DIRECTION('',(1.,0.,0.));
#135 = DIRECTION('',(0.,-2.2E-16,-1.));
#136 = ORIENTED_EDGE('',*,*,#122,.F.);
#137 = ORIENTED_EDGE('',*,*,#105,.F.);
#138 = CYLINDRICAL_SURFACE('',#139,0.25);
#139 = AXIS2_PLACEMENT_3D('',#140,#141,#142);
#140 = CARTESIAN_POINT('',(0.5,7.8E-16,1.5));
#141 = DIRECTION('',(1.,0.,0.));
#142 = DIRECTION('',(0.,-2.2E-16,-1.));
#143 = ADVANCED_FACE('',(#144),#164,.T.);
#144 = FACE_BOUND('',#145,.T.);
#145 = EDGE_LOOP('',(#146,#155,#162,#163));
#146 = ORIENTED_EDGE('',*,*,#147,.T.);
#147 = EDGE_CURVE('',#123,#148,#150,.T.);
#148 = VERTEX_POINT('',#149);
#149 = CARTESIAN_POINT('',(7.37,1.E-15,1.));
#150 = CIRCLE('',#151,0.25);
#151 = AXIS2_PLACEMENT_3D('',#152,#153,#154);
#152 = CARTESIAN_POINT('',(7.12,7.6E-16,1.));
#153 = DIRECTION('',(0.,1.,-2.2E-16));
#154 = DIRECTION('',(1.,0.,0.));
#155 = ORIENTED_EDGE('',*,*,#156,.T.);
#156 = EDGE_CURVE('',#148,#148,#157,.T.);
#157 = CIRCLE('',#158,0.25);
#158 = AXIS2_PLACEMENT_3D('',#159,#160,#161);
#159 = CARTESIAN_POINT('',(7.62,6.7E-16,1.));
#160 = DIRECTION('',(-2.4E-16,2.2E-16,1.));
#161 = DIRECTION('',(1.,0.,2.4E-16));
#162 = ORIENTED_EDGE('',*,*,#147,.F.);
#163 = ORIENTED_EDGE('',*,*,#130,.T.);
#164 = TOROIDAL_SURFACE('',#165,0.5,0.25);
#165 = AXIS2_PLACEMENT_3D('',#166,#167,#168);
#166 = CARTESIAN_POINT('',(7.12,6.7E-16,1.));
#167 = DIRECTION('',(0.,1.,-2.2E-16));
#168 = DIRECTION('',(1.,0.,0.));
#169 = ADVANCED_FACE('',(#170),#189,.T.);
#170 = FACE_BOUND('',#171,.T.);
#171 = EDGE_LOOP('',(#172,#180,#187,#188));
#172 = ORIENTED_EDGE('',*,*,#173,.T.);
#173 = EDGE_CURVE('',#148,#174,#176,.T.);
#174 = VERTEX_POINT('',#175);
#175 = CARTESIAN_POINT('',(7.37,0.,-2.5));
#176 = LINE('',#177,#178);
#177 = CARTESIAN_POINT('',(7.37,6.7E-16,1.));
#178 = VECTOR('',#179,1.);
#179 = DIRECTION('',(0.,-2.2E-16,-1.));
#180 = ORIENTED_EDGE('',*,*,#181,.F.);
#181 = EDGE_CURVE('',#174,#174,#182,.T.);
#182 = CIRCLE('',#183,0.25);
#183 = AXIS2_PLACEMENT_3D('',#184,#185,#186);
#184 = CARTESIAN_POINT('',(7.62,-1.1E-16,-2.5));
#185 = DIRECTION('',(-0.,-2.2E-16,-1.));
#186 = DIRECTION('',(-1.,0.,0.));
#187 = ORIENTED_EDGE('',*,*,#173,.F.);
#188 = ORIENTED_EDGE('',*,*,#156,.F.);
#189 = CYLINDRICAL_SURFACE('',#190,0.25);
#190 = AXIS2_PLACEMENT_3D('',#191,#192,#193);
#191 = CARTESIAN_POINT('',(7.62,6.7E-16,1.));
#192 = DIRECTION('',(0.,-2.2E-16,-1.));
#193 = DIRECTION('',(-1.,-0.,0.));
#194 = ADVANCED_FACE('',(#195),#198,.T.);
#195 = FACE_BOUND('',#196,.F.);
#196 = EDGE_LOOP('',(#197));
#197 = ORIENTED_EDGE('',*,*,#81,.T.);
#198 = PLANE('',#199);
#199 = AXIS2_PLACEMENT_3D('',#200,#201,#202);
#200 = CARTESIAN_POINT('',(0.25,-1.1E-16,-2.5));
#201 = DIRECTION('',(0.,0.,-1.));
#202 = DIRECTION('',(-1.,0.,0.));
#203 = ADVANCED_FACE('',(#204),#207,.F.);
#204 = FACE_BOUND('',#205,.T.);
#205 = EDGE_LOOP('',(#206));
#206 = ORIENTED_EDGE('',*,*,#181,.T.);
#207 = PLANE('',#208);
#208 = AXIS2_PLACEMENT_3D('',#209,#210,#211);
#209 = CARTESIAN_POINT('',(7.37,-1.1E-16,-2.5));
#210 = DIRECTION('',(0.,0.,1.));
#211 = DIRECTION('',(1.,0.,-0.));
#212 = MANIFOLD_SOLID_BREP('',#213);
#213 = CLOSED_SHELL('',(#214,#247,#267,#287,#312,#337,#363,#389,#398));
#214 = ADVANCED_FACE('',(#215),#242,.T.);
#215 = FACE_BOUND('',#216,.T.);
#216 = EDGE_LOOP('',(#217,#226,#234,#241));
#217 = ORIENTED_EDGE('',*,*,#218,.T.);
#218 = EDGE_CURVE('',#219,#219,#221,.T.);
#219 = VERTEX_POINT('',#220);
#220 = CARTESIAN_POINT('',(2.41,3.557331958362E-15,2.51));
#221 = CIRCLE('',#222,1.01);
#222 = AXIS2_PLACEMENT_3D('',#223,#224,#225);
#223 = CARTESIAN_POINT('',(2.41,6.630669073875E-16,1.5));
#224 = DIRECTION('',(1.,0.,-0.));
#225 = DIRECTION('',(0.,9.92044604925E-16,1.));
#226 = ORIENTED_EDGE('',*,*,#227,.T.);
#227 = EDGE_CURVE('',#219,#228,#230,.T.);
#228 = VERTEX_POINT('',#229);
#229 = CARTESIAN_POINT('',(3.41,3.557331958362E-15,2.51));
#230 = LINE('',#231,#232);
#231 = CARTESIAN_POINT('',(2.41,5.573319583618E-16,2.51));
#232 = VECTOR('',#233,1.);
#233 = DIRECTION('',(1.,0.,0.));
#234 = ORIENTED_EDGE('',*,*,#235,.F.);
#235 = EDGE_CURVE('',#228,#228,#236,.T.);
#236 = CIRCLE('',#237,1.01);
#237 = AXIS2_PLACEMENT_3D('',#238,#239,#240);
#238 = CARTESIAN_POINT('',(3.41,6.630669073875E-16,1.5));
#239 = DIRECTION('',(1.,0.,-0.));
#240 = DIRECTION('',(0.,9.92044604925E-16,1.));
#241 = ORIENTED_EDGE('',*,*,#227,.F.);
#242 = CYLINDRICAL_SURFACE('',#243,1.01);
#243 = AXIS2_PLACEMENT_3D('',#244,#245,#246);
#244 = CARTESIAN_POINT('',(2.41,6.630669073875E-16,1.5));
#245 = DIRECTION('',(1.,0.,0.));
#246 = DIRECTION('',(-0.,9.92044604925E-16,1.));
#247 = ADVANCED_FACE('',(#248,#251),#262,.F.);
#248 = FACE_BOUND('',#249,.T.);
#249 = EDGE_LOOP('',(#250));
#250 = ORIENTED_EDGE('',*,*,#218,.F.);
#251 = FACE_BOUND('',#252,.T.);
#252 = EDGE_LOOP('',(#253));
#253 = ORIENTED_EDGE('',*,*,#254,.T.);
#254 = EDGE_CURVE('',#255,#255,#257,.T.);
#255 = VERTEX_POINT('',#256);
#256 = CARTESIAN_POINT('',(2.41,5.551115123126E-16,2.5));
#257 = CIRCLE('',#258,1.);
#258 = AXIS2_PLACEMENT_3D('',#259,#260,#261);
#259 = CARTESIAN_POINT('',(2.41,6.630669073875E-16,1.5));
#260 = DIRECTION('',(1.,0.,-0.));
#261 = DIRECTION('',(0.,1.002044604925E-15,1.));
#262 = PLANE('',#263);
#263 = AXIS2_PLACEMENT_3D('',#264,#265,#266);
#264 = CARTESIAN_POINT('',(2.41,6.630669073875E-16,1.5));
#265 = DIRECTION('',(1.,0.,0.));
#266 = DIRECTION('',(-0.,1.002044604925E-15,1.));
#267 = ADVANCED_FACE('',(#268,#271),#282,.T.);
#268 = FACE_BOUND('',#269,.T.);
#269 = EDGE_LOOP('',(#270));
#270 = ORIENTED_EDGE('',*,*,#235,.T.);
#271 = FACE_BOUND('',#272,.T.);
#272 = EDGE_LOOP('',(#273));
#273 = ORIENTED_EDGE('',*,*,#274,.F.);
#274 = EDGE_CURVE('',#275,#275,#277,.T.);
#275 = VERTEX_POINT('',#276);
#276 = CARTESIAN_POINT('',(3.41,5.551115123126E-16,2.5));
#277 = CIRCLE('',#278,1.);
#278 = AXIS2_PLACEMENT_3D('',#279,#280,#281);
#279 = CARTESIAN_POINT('',(3.41,6.630669073875E-16,1.5));
#280 = DIRECTION('',(1.,0.,-0.));
#281 = DIRECTION('',(0.,1.002044604925E-15,1.));
#282 = PLANE('',#283);
#283 = AXIS2_PLACEMENT_3D('',#284,#285,#286);
#284 = CARTESIAN_POINT('',(3.41,6.630669073875E-16,1.5));
#285 = DIRECTION('',(1.,0.,0.));
#286 = DIRECTION('',(-0.,9.92044604925E-16,1.));
#287 = ADVANCED_FACE('',(#288),#307,.T.);
#288 = FACE_BOUND('',#289,.T.);
#289 = EDGE_LOOP('',(#290,#299,#305,#306));
#290 = ORIENTED_EDGE('',*,*,#291,.T.);
#291 = EDGE_CURVE('',#292,#292,#294,.T.);
#292 = VERTEX_POINT('',#293);
#293 = CARTESIAN_POINT('',(2.21,3.555111512313E-15,2.5));
#294 = CIRCLE('',#295,1.);
#295 = AXIS2_PLACEMENT_3D('',#296,#297,#298);
#296 = CARTESIAN_POINT('',(2.21,6.630669073875E-16,1.5));
#297 = DIRECTION('',(1.,0.,-0.));
#298 = DIRECTION('',(0.,1.002044604925E-15,1.));
#299 = ORIENTED_EDGE('',*,*,#300,.T.);
#300 = EDGE_CURVE('',#292,#255,#301,.T.);
#301 = LINE('',#302,#303);
#302 = CARTESIAN_POINT('',(1.81,5.551115123126E-16,2.5));
#303 = VECTOR('',#304,1.);
#304 = DIRECTION('',(1.,0.,0.));
#305 = ORIENTED_EDGE('',*,*,#254,.F.);
#306 = ORIENTED_EDGE('',*,*,#300,.F.);
#307 = CYLINDRICAL_SURFACE('',#308,1.);
#308 = AXIS2_PLACEMENT_3D('',#309,#310,#311);
#309 = CARTESIAN_POINT('',(1.81,6.630669073875E-16,1.5));
#310 = DIRECTION('',(1.,0.,0.));
#311 = DIRECTION('',(-0.,1.002044604925E-15,1.));
#312 = ADVANCED_FACE('',(#313),#332,.T.);
#313 = FACE_BOUND('',#314,.T.);
#314 = EDGE_LOOP('',(#315,#316,#324,#331));
#315 = ORIENTED_EDGE('',*,*,#274,.T.);
#316 = ORIENTED_EDGE('',*,*,#317,.T.);
#317 = EDGE_CURVE('',#275,#318,#320,.T.);
#318 = VERTEX_POINT('',#319);
#319 = CARTESIAN_POINT('',(5.41,3.555111512313E-15,2.5));
#320 = LINE('',#321,#322);
#321 = CARTESIAN_POINT('',(1.81,5.551115123126E-16,2.5));
#322 = VECTOR('',#323,1.);
#323 = DIRECTION('',(1.,0.,0.));
#324 = ORIENTED_EDGE('',*,*,#325,.F.);
#325 = EDGE_CURVE('',#318,#318,#326,.T.);
#326 = CIRCLE('',#327,1.);
#327 = AXIS2_PLACEMENT_3D('',#328,#329,#330);
#328 = CARTESIAN_POINT('',(5.41,6.630669073875E-16,1.5));
#329 = DIRECTION('',(1.,0.,-0.));
#330 = DIRECTION('',(0.,1.002044604925E-15,1.));
#331 = ORIENTED_EDGE('',*,*,#317,.F.);
#332 = CYLINDRICAL_SURFACE('',#333,1.);
#333 = AXIS2_PLACEMENT_3D('',#334,#335,#336);
#334 = CARTESIAN_POINT('',(1.81,6.630669073875E-16,1.5));
#335 = DIRECTION('',(1.,0.,0.));
#336 = DIRECTION('',(-0.,1.002044604925E-15,1.));
#337 = ADVANCED_FACE('',(#338),#358,.T.);
#338 = FACE_BOUND('',#339,.T.);
#339 = EDGE_LOOP('',(#340,#349,#356,#357));
#340 = ORIENTED_EDGE('',*,*,#341,.T.);
#341 = EDGE_CURVE('',#342,#342,#344,.T.);
#342 = VERTEX_POINT('',#343);
#343 = CARTESIAN_POINT('',(1.81,1.466293670343E-15,2.1));
#344 = CIRCLE('',#345,0.6);
#345 = AXIS2_PLACEMENT_3D('',#346,#347,#348);
#346 = CARTESIAN_POINT('',(1.81,6.630669073875E-16,1.5));
#347 = DIRECTION('',(1.,0.,-0.));
#348 = DIRECTION('',(0.,1.002044604925E-15,1.));
#349 = ORIENTED_EDGE('',*,*,#350,.F.);
#350 = EDGE_CURVE('',#292,#342,#351,.T.);
#351 = CIRCLE('',#352,0.4);
#352 = AXIS2_PLACEMENT_3D('',#353,#354,#355);
#353 = CARTESIAN_POINT('',(2.21,1.266293670343E-15,2.1));
#354 = DIRECTION('',(0.,-1.,1.002044604925E-15));
#355 = DIRECTION('',(0.,1.002044604925E-15,1.));
#356 = ORIENTED_EDGE('',*,*,#291,.F.);
#357 = ORIENTED_EDGE('',*,*,#350,.T.);
#358 = TOROIDAL_SURFACE('',#359,0.6,0.4);
#359 = AXIS2_PLACEMENT_3D('',#360,#361,#362);
#360 = CARTESIAN_POINT('',(2.21,6.630669073875E-16,1.5));
#361 = DIRECTION('',(-1.,0.,0.));
#362 = DIRECTION('',(0.,1.002044604925E-15,1.));
#363 = ADVANCED_FACE('',(#364),#384,.T.);
#364 = FACE_BOUND('',#365,.T.);
#365 = EDGE_LOOP('',(#366,#367,#376,#383));
#366 = ORIENTED_EDGE('',*,*,#325,.T.);
#367 = ORIENTED_EDGE('',*,*,#368,.F.);
#368 = EDGE_CURVE('',#369,#318,#371,.T.);
#369 = VERTEX_POINT('',#370);
#370 = CARTESIAN_POINT('',(5.81,1.466293670343E-15,2.1));
#371 = CIRCLE('',#372,0.4);
#372 = AXIS2_PLACEMENT_3D('',#373,#374,#375);
#373 = CARTESIAN_POINT('',(5.41,1.266293670343E-15,2.1));
#374 = DIRECTION('',(0.,-1.,1.002044604925E-15));
#375 = DIRECTION('',(0.,1.002044604925E-15,1.));
#376 = ORIENTED_EDGE('',*,*,#377,.F.);
#377 = EDGE_CURVE('',#369,#369,#378,.T.);
#378 = CIRCLE('',#379,0.6);
#379 = AXIS2_PLACEMENT_3D('',#380,#381,#382);
#380 = CARTESIAN_POINT('',(5.81,6.630669073875E-16,1.5));
#381 = DIRECTION('',(1.,0.,-0.));
#382 = DIRECTION('',(0.,1.002044604925E-15,1.));
#383 = ORIENTED_EDGE('',*,*,#368,.T.);
#384 = TOROIDAL_SURFACE('',#385,0.6,0.4);
#385 = AXIS2_PLACEMENT_3D('',#386,#387,#388);
#386 = CARTESIAN_POINT('',(5.41,6.630669073875E-16,1.5));
#387 = DIRECTION('',(-1.,0.,0.));
#388 = DIRECTION('',(0.,1.002044604925E-15,1.));
#389 = ADVANCED_FACE('',(#390),#393,.F.);
#390 = FACE_BOUND('',#391,.T.);
#391 = EDGE_LOOP('',(#392));
#392 = ORIENTED_EDGE('',*,*,#341,.F.);
#393 = PLANE('',#394);
#394 = AXIS2_PLACEMENT_3D('',#395,#396,#397);
#395 = CARTESIAN_POINT('',(1.81,6.630669073875E-16,1.5));
#396 = DIRECTION('',(1.,0.,0.));
#397 = DIRECTION('',(-0.,1.002044604925E-15,1.));
#398 = ADVANCED_FACE('',(#399),#402,.T.);
#399 = FACE_BOUND('',#400,.F.);
#400 = EDGE_LOOP('',(#401));
#401 = ORIENTED_EDGE('',*,*,#377,.F.);
#402 = PLANE('',#403);
#403 = AXIS2_PLACEMENT_3D('',#404,#405,#406);
#404 = CARTESIAN_POINT('',(5.81,6.630669073875E-16,1.5));
#405 = DIRECTION('',(1.,0.,0.));
#406 = DIRECTION('',(-0.,1.002044604925E-15,1.));
#407 = ( GEOMETRIC_REPRESENTATION_CONTEXT(3) 
GLOBAL_UNCERTAINTY_ASSIGNED_CONTEXT((#411)) GLOBAL_UNIT_ASSIGNED_CONTEXT
((#408,#409,#410)) REPRESENTATION_CONTEXT('Context #1',
  '3D Context with UNIT and UNCERTAINTY') );
#408 = ( LENGTH_UNIT() NAMED_UNIT(*) SI_UNIT(.MILLI.,.METRE.) );
#409 = ( NAMED_UNIT(*) PLANE_ANGLE_UNIT() SI_UNIT($,.RADIAN.) );
#410 = ( NAMED_UNIT(*) SI_UNIT($,.STERADIAN.) SOLID_ANGLE_UNIT() );
#411 = UNCERTAINTY_MEASURE_WITH_UNIT(LENGTH_MEASURE(1.E-07),#408,
  'distance_accuracy_value','confusion accuracy');
#412 = CONTEXT_DEPENDENT_SHAPE_REPRESENTATION(#413,#415);
#413 = ( REPRESENTATION_RELATIONSHIP('','',#56,#10) 
REPRESENTATION_RELATIONSHIP_WITH_TRANSFORMATION(#414) 
SHAPE_REPRESENTATION_RELATIONSHIP() );
#414 = ITEM_DEFINED_TRANSFORMATION('','',#11,#15);
#415 = PRODUCT_DEFINITION_SHAPE('Placement','Placement of an item',#416
  );
#416 = NEXT_ASSEMBLY_USAGE_OCCURRENCE('1','D5','',#5,#51,$);
#417 = PRODUCT_RELATED_PRODUCT_CATEGORY('part',$,(#53));
#418 = CONTEXT_DEPENDENT_SHAPE_REPRESENTATION(#419,#421);
#419 = ( REPRESENTATION_RELATIONSHIP('','',#56,#10) 
REPRESENTATION_RELATIONSHIP_WITH_TRANSFORMATION(#420) 
SHAPE_REPRESENTATION_RELATIONSHIP() );
#420 = ITEM_DEFINED_TRANSFORMATION('','',#11,#19);
#421 = PRODUCT_DEFINITION_SHAPE('Placement','Placement of an item',#422
  );
#422 = NEXT_ASSEMBLY_USAGE_OCCURRENCE('2','D6','',#5,#51,$);
#423 = CONTEXT_DEPENDENT_SHAPE_REPRESENTATION(#424,#426);
#424 = ( REPRESENTATION_RELATIONSHIP('','',#56,#10) 
REPRESENTATION_RELATIONSHIP_WITH_TRANSFORMATION(#425) 
SHAPE_REPRESENTATION_RELATIONSHIP() );
#425 = ITEM_DEFINED_TRANSFORMATION('','',#11,#23);
#426 = PRODUCT_DEFINITION_SHAPE('Placement','Placement of an item',#427
  );
#427 = NEXT_ASSEMBLY_USAGE_OCCURRENCE('3','D1','',#5,#51,$);
#428 = CONTEXT_DEPENDENT_SHAPE_REPRESENTATION(#429,#431);
#429 = ( REPRESENTATION_RELATIONSHIP('','',#56,#10) 
REPRESENTATION_RELATIONSHIP_WITH_TRANSFORMATION(#430) 
SHAPE_REPRESENTATION_RELATIONSHIP() );
#430 = ITEM_DEFINED_TRANSFORMATION('','',#11,#27);
#431 = PRODUCT_DEFINITION_SHAPE('Placement','Placement of an item',#432
  );
#432 = NEXT_ASSEMBLY_USAGE_OCCURRENCE('4','D4','',#5,#51,$);
#433 = CONTEXT_DEPENDENT_SHAPE_REPRESENTATION(#434,#436);
#434 = ( REPRESENTATION_RELATIONSHIP('','',#56,#10) 
REPRESENTATION_RELATIONSHIP_WITH_TRANSFORMATION(#435) 
SHAPE_REPRESENTATION_RELATIONSHIP() );
#435 = ITEM_DEFINED_TRANSFORMATION('','',#11,#31);
#436 = PRODUCT_DEFINITION_SHAPE('Placement','Placement of an item',#437
  );
#437 = NEXT_ASSEMBLY_USAGE_OCCURRENCE('5','D3','',#5,#51,$);
#438 = CONTEXT_DEPENDENT_SHAPE_REPRESENTATION(#439,#441);
#439 = ( REPRESENTATION_RELATIONSHIP('','',#56,#10) 
REPRESENTATION_RELATIONSHIP_WITH_TRANSFORMATION(#440) 
SHAPE_REPRESENTATION_RELATIONSHIP() );
#440 = ITEM_DEFINED_TRANSFORMATION('','',#11,#35);
#441 = PRODUCT_DEFINITION_SHAPE('Placement','Placement of an item',#442
  );
#442 = NEXT_ASSEMBLY_USAGE_OCCURRENCE('6','D2','',#5,#51,$);
#443 = SHAPE_DEFINITION_REPRESENTATION(#444,#450);
#444 = PRODUCT_DEFINITION_SHAPE('','',#445);
#445 = PRODUCT_DEFINITION('design','',#446,#449);
#446 = PRODUCT_DEFINITION_FORMATION('','',#447);
#447 = PRODUCT('project_PCB','project_PCB','',(#448));
#448 = PRODUCT_CONTEXT('',#2,'mechanical');
#449 = PRODUCT_DEFINITION_CONTEXT('part definition',#2,'design');
#450 = ADVANCED_BREP_SHAPE_REPRESENTATION('',(#11,#451),#3260);
#451 = MANIFOLD_SOLID_BREP('',#452);
#452 = CLOSED_SHELL('',(#453,#493,#524,#555,#1315,#2075,#2087,#2104,
    #2121,#2138,#2155,#2172,#2189,#2206,#2223,#2240,#2257,#2274,#2291,
    #2308,#2325,#2342,#2359,#2376,#2393,#2410,#2427,#2444,#2461,#2478,
    #2495,#2512,#2529,#2546,#2563,#2580,#2597,#2614,#2631,#2648,#2665,
    #2682,#2699,#2716,#2733,#2750,#2767,#2784,#2801,#2818,#2835,#2852,
    #2869,#2886,#2903,#2920,#2937,#2959,#2976,#2993,#3005,#3022,#3039,
    #3056,#3073,#3090,#3107,#3124,#3141,#3158,#3175,#3192,#3214,#3231,
    #3248));
#453 = ADVANCED_FACE('',(#454),#488,.T.);
#454 = FACE_BOUND('',#455,.T.);
#455 = EDGE_LOOP('',(#456,#466,#474,#482));
#456 = ORIENTED_EDGE('',*,*,#457,.T.);
#457 = EDGE_CURVE('',#458,#460,#462,.T.);
#458 = VERTEX_POINT('',#459);
#459 = CARTESIAN_POINT('',(195.999999,-110.628294,0.));
#460 = VERTEX_POINT('',#461);
#461 = CARTESIAN_POINT('',(195.999999,-110.628294,1.51));
#462 = LINE('',#463,#464);
#463 = CARTESIAN_POINT('',(195.999999,-110.628294,0.));
#464 = VECTOR('',#465,1.);
#465 = DIRECTION('',(0.,0.,1.));
#466 = ORIENTED_EDGE('',*,*,#467,.T.);
#467 = EDGE_CURVE('',#460,#468,#470,.T.);
#468 = VERTEX_POINT('',#469);
#469 = CARTESIAN_POINT('',(111.,-110.628294,1.51));
#470 = LINE('',#471,#472);
#471 = CARTESIAN_POINT('',(195.999999,-110.628294,1.51));
#472 = VECTOR('',#473,1.);
#473 = DIRECTION('',(-1.,0.,0.));
#474 = ORIENTED_EDGE('',*,*,#475,.F.);
#475 = EDGE_CURVE('',#476,#468,#478,.T.);
#476 = VERTEX_POINT('',#477);
#477 = CARTESIAN_POINT('',(111.,-110.628294,0.));
#478 = LINE('',#479,#480);
#479 = CARTESIAN_POINT('',(111.,-110.628294,0.));
#480 = VECTOR('',#481,1.);
#481 = DIRECTION('',(0.,0.,1.));
#482 = ORIENTED_EDGE('',*,*,#483,.F.);
#483 = EDGE_CURVE('',#458,#476,#484,.T.);
#484 = LINE('',#485,#486);
#485 = CARTESIAN_POINT('',(195.999999,-110.628294,0.));
#486 = VECTOR('',#487,1.);
#487 = DIRECTION('',(-1.,0.,0.));
#488 = PLANE('',#489);
#489 = AXIS2_PLACEMENT_3D('',#490,#491,#492);
#490 = CARTESIAN_POINT('',(195.999999,-110.628294,0.));
#491 = DIRECTION('',(0.,-1.,0.));
#492 = DIRECTION('',(-1.,0.,0.));
#493 = ADVANCED_FACE('',(#494),#519,.T.);
#494 = FACE_BOUND('',#495,.T.);
#495 = EDGE_LOOP('',(#496,#506,#512,#513));
#496 = ORIENTED_EDGE('',*,*,#497,.T.);
#497 = EDGE_CURVE('',#498,#500,#502,.T.);
#498 = VERTEX_POINT('',#499);
#499 = CARTESIAN_POINT('',(195.999999,-63.,0.));
#500 = VERTEX_POINT('',#501);
#501 = CARTESIAN_POINT('',(195.999999,-63.,1.51));
#502 = LINE('',#503,#504);
#503 = CARTESIAN_POINT('',(195.999999,-63.,0.));
#504 = VECTOR('',#505,1.);
#505 = DIRECTION('',(0.,0.,1.));
#506 = ORIENTED_EDGE('',*,*,#507,.T.);
#507 = EDGE_CURVE('',#500,#460,#508,.T.);
#508 = LINE('',#509,#510);
#509 = CARTESIAN_POINT('',(195.999999,-63.,1.51));
#510 = VECTOR('',#511,1.);
#511 = DIRECTION('',(0.,-1.,0.));
#512 = ORIENTED_EDGE('',*,*,#457,.F.);
#513 = ORIENTED_EDGE('',*,*,#514,.F.);
#514 = EDGE_CURVE('',#498,#458,#515,.T.);
#515 = LINE('',#516,#517);
#516 = CARTESIAN_POINT('',(195.999999,-63.,0.));
#517 = VECTOR('',#518,1.);
#518 = DIRECTION('',(0.,-1.,0.));
#519 = PLANE('',#520);
#520 = AXIS2_PLACEMENT_3D('',#521,#522,#523);
#521 = CARTESIAN_POINT('',(195.999999,-63.,0.));
#522 = DIRECTION('',(1.,0.,-0.));
#523 = DIRECTION('',(0.,-1.,0.));
#524 = ADVANCED_FACE('',(#525),#550,.T.);
#525 = FACE_BOUND('',#526,.T.);
#526 = EDGE_LOOP('',(#527,#528,#536,#544));
#527 = ORIENTED_EDGE('',*,*,#475,.T.);
#528 = ORIENTED_EDGE('',*,*,#529,.T.);
#529 = EDGE_CURVE('',#468,#530,#532,.T.);
#530 = VERTEX_POINT('',#531);
#531 = CARTESIAN_POINT('',(111.,-63.,1.51));
#532 = LINE('',#533,#534);
#533 = CARTESIAN_POINT('',(111.,-110.628294,1.51));
#534 = VECTOR('',#535,1.);
#535 = DIRECTION('',(0.,1.,0.));
#536 = ORIENTED_EDGE('',*,*,#537,.F.);
#537 = EDGE_CURVE('',#538,#530,#540,.T.);
#538 = VERTEX_POINT('',#539);
#539 = CARTESIAN_POINT('',(111.,-63.,0.));
#540 = LINE('',#541,#542);
#541 = CARTESIAN_POINT('',(111.,-63.,0.));
#542 = VECTOR('',#543,1.);
#543 = DIRECTION('',(0.,0.,1.));
#544 = ORIENTED_EDGE('',*,*,#545,.F.);
#545 = EDGE_CURVE('',#476,#538,#546,.T.);
#546 = LINE('',#547,#548);
#547 = CARTESIAN_POINT('',(111.,-110.628294,0.));
#548 = VECTOR('',#549,1.);
#549 = DIRECTION('',(0.,1.,0.));
#550 = PLANE('',#551);
#551 = AXIS2_PLACEMENT_3D('',#552,#553,#554);
#552 = CARTESIAN_POINT('',(111.,-110.628294,0.));
#553 = DIRECTION('',(-1.,0.,0.));
#554 = DIRECTION('',(0.,1.,0.));
#555 = ADVANCED_FACE('',(#556,#567,#578,#589,#600,#611,#622,#633,#644,
    #655,#666,#677,#688,#699,#710,#721,#732,#743,#754,#765,#776,#787,
    #798,#809,#820,#831,#842,#853,#864,#875,#886,#897,#908,#919,#930,
    #941,#952,#963,#974,#985,#996,#1007,#1018,#1029,#1040,#1051,#1062,
    #1073,#1084,#1095,#1106,#1117,#1153,#1164,#1175,#1186,#1197,#1208,
    #1219,#1230,#1241,#1252,#1263,#1274),#1310,.F.);
#556 = FACE_BOUND('',#557,.F.);
#557 = EDGE_LOOP('',(#558,#559,#560,#566));
#558 = ORIENTED_EDGE('',*,*,#483,.F.);
#559 = ORIENTED_EDGE('',*,*,#514,.F.);
#560 = ORIENTED_EDGE('',*,*,#561,.F.);
#561 = EDGE_CURVE('',#538,#498,#562,.T.);
#562 = LINE('',#563,#564);
#563 = CARTESIAN_POINT('',(111.,-63.,0.));
#564 = VECTOR('',#565,1.);
#565 = DIRECTION('',(1.,0.,0.));
#566 = ORIENTED_EDGE('',*,*,#545,.F.);
#567 = FACE_BOUND('',#568,.F.);
#568 = EDGE_LOOP('',(#569));
#569 = ORIENTED_EDGE('',*,*,#570,.T.);
#570 = EDGE_CURVE('',#571,#571,#573,.T.);
#571 = VERTEX_POINT('',#572);
#572 = CARTESIAN_POINT('',(132.5,-98.71,0.));
#573 = CIRCLE('',#574,0.4);
#574 = AXIS2_PLACEMENT_3D('',#575,#576,#577);
#575 = CARTESIAN_POINT('',(132.5,-98.31,0.));
#576 = DIRECTION('',(-0.,0.,-1.));
#577 = DIRECTION('',(-0.,-1.,0.));
#578 = FACE_BOUND('',#579,.F.);
#579 = EDGE_LOOP('',(#580));
#580 = ORIENTED_EDGE('',*,*,#581,.T.);
#581 = EDGE_CURVE('',#582,#582,#584,.T.);
#582 = VERTEX_POINT('',#583);
#583 = CARTESIAN_POINT('',(117.84,-94.85,0.));
#584 = CIRCLE('',#585,0.85);
#585 = AXIS2_PLACEMENT_3D('',#586,#587,#588);
#586 = CARTESIAN_POINT('',(117.84,-94.,0.));
#587 = DIRECTION('',(-0.,0.,-1.));
#588 = DIRECTION('',(-0.,-1.,0.));
#589 = FACE_BOUND('',#590,.F.);
#590 = EDGE_LOOP('',(#591));
#591 = ORIENTED_EDGE('',*,*,#592,.T.);
#592 = EDGE_CURVE('',#593,#593,#595,.T.);
#593 = VERTEX_POINT('',#594);
#594 = CARTESIAN_POINT('',(122.92,-96.,0.));
#595 = CIRCLE('',#596,2.);
#596 = AXIS2_PLACEMENT_3D('',#597,#598,#599);
#597 = CARTESIAN_POINT('',(122.92,-94.,0.));
#598 = DIRECTION('',(-0.,0.,-1.));
#599 = DIRECTION('',(-0.,-1.,0.));
#600 = FACE_BOUND('',#601,.F.);
#601 = EDGE_LOOP('',(#602));
#602 = ORIENTED_EDGE('',*,*,#603,.T.);
#603 = EDGE_CURVE('',#604,#604,#606,.T.);
#604 = VERTEX_POINT('',#605);
#605 = CARTESIAN_POINT('',(128.,-94.85,0.));
#606 = CIRCLE('',#607,0.85);
#607 = AXIS2_PLACEMENT_3D('',#608,#609,#610);
#608 = CARTESIAN_POINT('',(128.,-94.,0.));
#609 = DIRECTION('',(-0.,0.,-1.));
#610 = DIRECTION('',(-0.,-1.,0.));
#611 = FACE_BOUND('',#612,.F.);
#612 = EDGE_LOOP('',(#613));
#613 = ORIENTED_EDGE('',*,*,#614,.T.);
#614 = EDGE_CURVE('',#615,#615,#617,.T.);
#615 = VERTEX_POINT('',#616);
#616 = CARTESIAN_POINT('',(151.5,-98.71,0.));
#617 = CIRCLE('',#618,0.4);
#618 = AXIS2_PLACEMENT_3D('',#619,#620,#621);
#619 = CARTESIAN_POINT('',(151.5,-98.31,0.));
#620 = DIRECTION('',(-0.,0.,-1.));
#621 = DIRECTION('',(-0.,-1.,0.));
#622 = FACE_BOUND('',#623,.F.);
#623 = EDGE_LOOP('',(#624));
#624 = ORIENTED_EDGE('',*,*,#625,.T.);
#625 = EDGE_CURVE('',#626,#626,#628,.T.);
#626 = VERTEX_POINT('',#627);
#627 = CARTESIAN_POINT('',(137.,-94.85,0.));
#628 = CIRCLE('',#629,0.85);
#629 = AXIS2_PLACEMENT_3D('',#630,#631,#632);
#630 = CARTESIAN_POINT('',(137.,-94.,0.));
#631 = DIRECTION('',(-0.,0.,-1.));
#632 = DIRECTION('',(-0.,-1.,0.));
#633 = FACE_BOUND('',#634,.F.);
#634 = EDGE_LOOP('',(#635));
#635 = ORIENTED_EDGE('',*,*,#636,.T.);
#636 = EDGE_CURVE('',#637,#637,#639,.T.);
#637 = VERTEX_POINT('',#638);
#638 = CARTESIAN_POINT('',(142.08,-96.,0.));
#639 = CIRCLE('',#640,2.);
#640 = AXIS2_PLACEMENT_3D('',#641,#642,#643);
#641 = CARTESIAN_POINT('',(142.08,-94.,0.));
#642 = DIRECTION('',(-0.,0.,-1.));
#643 = DIRECTION('',(-0.,-1.,0.));
#644 = FACE_BOUND('',#645,.F.);
#645 = EDGE_LOOP('',(#646));
#646 = ORIENTED_EDGE('',*,*,#647,.T.);
#647 = EDGE_CURVE('',#648,#648,#650,.T.);
#648 = VERTEX_POINT('',#649);
#649 = CARTESIAN_POINT('',(147.16,-94.85,0.));
#650 = CIRCLE('',#651,0.85);
#651 = AXIS2_PLACEMENT_3D('',#652,#653,#654);
#652 = CARTESIAN_POINT('',(147.16,-94.,0.));
#653 = DIRECTION('',(-0.,0.,-1.));
#654 = DIRECTION('',(-0.,-1.,0.));
#655 = FACE_BOUND('',#656,.F.);
#656 = EDGE_LOOP('',(#657));
#657 = ORIENTED_EDGE('',*,*,#658,.T.);
#658 = EDGE_CURVE('',#659,#659,#661,.T.);
#659 = VERTEX_POINT('',#660);
#660 = CARTESIAN_POINT('',(119.11,-92.21,0.));
#661 = CIRCLE('',#662,0.75);
#662 = AXIS2_PLACEMENT_3D('',#663,#664,#665);
#663 = CARTESIAN_POINT('',(119.11,-91.46,0.));
#664 = DIRECTION('',(-0.,0.,-1.));
#665 = DIRECTION('',(-0.,-1.,0.));
#666 = FACE_BOUND('',#667,.F.);
#667 = EDGE_LOOP('',(#668));
#668 = ORIENTED_EDGE('',*,*,#669,.T.);
#669 = EDGE_CURVE('',#670,#670,#672,.T.);
#670 = VERTEX_POINT('',#671);
#671 = CARTESIAN_POINT('',(125.46,-89.67,0.));
#672 = CIRCLE('',#673,0.75);
#673 = AXIS2_PLACEMENT_3D('',#674,#675,#676);
#674 = CARTESIAN_POINT('',(125.46,-88.92,0.));
#675 = DIRECTION('',(-0.,0.,-1.));
#676 = DIRECTION('',(-0.,-1.,0.));
#677 = FACE_BOUND('',#678,.F.);
#678 = EDGE_LOOP('',(#679));
#679 = ORIENTED_EDGE('',*,*,#680,.T.);
#680 = EDGE_CURVE('',#681,#681,#683,.T.);
#681 = VERTEX_POINT('',#682);
#682 = CARTESIAN_POINT('',(132.5,-91.09,0.));
#683 = CIRCLE('',#684,0.4);
#684 = AXIS2_PLACEMENT_3D('',#685,#686,#687);
#685 = CARTESIAN_POINT('',(132.5,-90.69,0.));
#686 = DIRECTION('',(-0.,0.,-1.));
#687 = DIRECTION('',(-0.,-1.,0.));
#688 = FACE_BOUND('',#689,.F.);
#689 = EDGE_LOOP('',(#690));
#690 = ORIENTED_EDGE('',*,*,#691,.T.);
#691 = EDGE_CURVE('',#692,#692,#694,.T.);
#692 = VERTEX_POINT('',#693);
#693 = CARTESIAN_POINT('',(138.27,-92.21,0.));
#694 = CIRCLE('',#695,0.75);
#695 = AXIS2_PLACEMENT_3D('',#696,#697,#698);
#696 = CARTESIAN_POINT('',(138.27,-91.46,0.));
#697 = DIRECTION('',(-0.,0.,-1.));
#698 = DIRECTION('',(-0.,-1.,0.));
#699 = FACE_BOUND('',#700,.F.);
#700 = EDGE_LOOP('',(#701));
#701 = ORIENTED_EDGE('',*,*,#702,.T.);
#702 = EDGE_CURVE('',#703,#703,#705,.T.);
#703 = VERTEX_POINT('',#704);
#704 = CARTESIAN_POINT('',(144.62,-89.67,0.));
#705 = CIRCLE('',#706,0.75);
#706 = AXIS2_PLACEMENT_3D('',#707,#708,#709);
#707 = CARTESIAN_POINT('',(144.62,-88.92,0.));
#708 = DIRECTION('',(-0.,0.,-1.));
#709 = DIRECTION('',(-0.,-1.,0.));
#710 = FACE_BOUND('',#711,.F.);
#711 = EDGE_LOOP('',(#712));
#712 = ORIENTED_EDGE('',*,*,#713,.T.);
#713 = EDGE_CURVE('',#714,#714,#716,.T.);
#714 = VERTEX_POINT('',#715);
#715 = CARTESIAN_POINT('',(151.5,-91.09,0.));
#716 = CIRCLE('',#717,0.4);
#717 = AXIS2_PLACEMENT_3D('',#718,#719,#720);
#718 = CARTESIAN_POINT('',(151.5,-90.69,0.));
#719 = DIRECTION('',(-0.,0.,-1.));
#720 = DIRECTION('',(-0.,-1.,0.));
#721 = FACE_BOUND('',#722,.F.);
#722 = EDGE_LOOP('',(#723));
#723 = ORIENTED_EDGE('',*,*,#724,.T.);
#724 = EDGE_CURVE('',#725,#725,#727,.T.);
#725 = VERTEX_POINT('',#726);
#726 = CARTESIAN_POINT('',(170.5,-98.71,0.));
#727 = CIRCLE('',#728,0.4);
#728 = AXIS2_PLACEMENT_3D('',#729,#730,#731);
#729 = CARTESIAN_POINT('',(170.5,-98.31,0.));
#730 = DIRECTION('',(-0.,0.,-1.));
#731 = DIRECTION('',(-0.,-1.,0.));
#732 = FACE_BOUND('',#733,.F.);
#733 = EDGE_LOOP('',(#734));
#734 = ORIENTED_EDGE('',*,*,#735,.T.);
#735 = EDGE_CURVE('',#736,#736,#738,.T.);
#736 = VERTEX_POINT('',#737);
#737 = CARTESIAN_POINT('',(155.88,-94.93,0.));
#738 = CIRCLE('',#739,0.85);
#739 = AXIS2_PLACEMENT_3D('',#740,#741,#742);
#740 = CARTESIAN_POINT('',(155.88,-94.08,0.));
#741 = DIRECTION('',(-0.,0.,-1.));
#742 = DIRECTION('',(-0.,-1.,0.));
#743 = FACE_BOUND('',#744,.F.);
#744 = EDGE_LOOP('',(#745));
#745 = ORIENTED_EDGE('',*,*,#746,.T.);
#746 = EDGE_CURVE('',#747,#747,#749,.T.);
#747 = VERTEX_POINT('',#748);
#748 = CARTESIAN_POINT('',(160.96,-96.08,0.));
#749 = CIRCLE('',#750,2.);
#750 = AXIS2_PLACEMENT_3D('',#751,#752,#753);
#751 = CARTESIAN_POINT('',(160.96,-94.08,0.));
#752 = DIRECTION('',(-0.,0.,-1.));
#753 = DIRECTION('',(-0.,-1.,0.));
#754 = FACE_BOUND('',#755,.F.);
#755 = EDGE_LOOP('',(#756));
#756 = ORIENTED_EDGE('',*,*,#757,.T.);
#757 = EDGE_CURVE('',#758,#758,#760,.T.);
#758 = VERTEX_POINT('',#759);
#759 = CARTESIAN_POINT('',(166.04,-94.93,0.));
#760 = CIRCLE('',#761,0.85);
#761 = AXIS2_PLACEMENT_3D('',#762,#763,#764);
#762 = CARTESIAN_POINT('',(166.04,-94.08,0.));
#763 = DIRECTION('',(-0.,0.,-1.));
#764 = DIRECTION('',(-0.,-1.,0.));
#765 = FACE_BOUND('',#766,.F.);
#766 = EDGE_LOOP('',(#767));
#767 = ORIENTED_EDGE('',*,*,#768,.T.);
#768 = EDGE_CURVE('',#769,#769,#771,.T.);
#769 = VERTEX_POINT('',#770);
#770 = CARTESIAN_POINT('',(175.,-101.74,0.));
#771 = CIRCLE('',#772,0.5);
#772 = AXIS2_PLACEMENT_3D('',#773,#774,#775);
#773 = CARTESIAN_POINT('',(175.,-101.24,0.));
#774 = DIRECTION('',(-0.,0.,-1.));
#775 = DIRECTION('',(-0.,-1.,0.));
#776 = FACE_BOUND('',#777,.F.);
#777 = EDGE_LOOP('',(#778));
#778 = ORIENTED_EDGE('',*,*,#779,.T.);
#779 = EDGE_CURVE('',#780,#780,#782,.T.);
#780 = VERTEX_POINT('',#781);
#781 = CARTESIAN_POINT('',(175.,-99.2,0.));
#782 = CIRCLE('',#783,0.5);
#783 = AXIS2_PLACEMENT_3D('',#784,#785,#786);
#784 = CARTESIAN_POINT('',(175.,-98.7,0.));
#785 = DIRECTION('',(-0.,0.,-1.));
#786 = DIRECTION('',(-0.,-1.,0.));
#787 = FACE_BOUND('',#788,.F.);
#788 = EDGE_LOOP('',(#789));
#789 = ORIENTED_EDGE('',*,*,#790,.T.);
#790 = EDGE_CURVE('',#791,#791,#793,.T.);
#791 = VERTEX_POINT('',#792);
#792 = CARTESIAN_POINT('',(190.25,-101.74,0.));
#793 = CIRCLE('',#794,0.5);
#794 = AXIS2_PLACEMENT_3D('',#795,#796,#797);
#795 = CARTESIAN_POINT('',(190.25,-101.24,0.));
#796 = DIRECTION('',(-0.,0.,-1.));
#797 = DIRECTION('',(-0.,-1.,0.));
#798 = FACE_BOUND('',#799,.F.);
#799 = EDGE_LOOP('',(#800));
#800 = ORIENTED_EDGE('',*,*,#801,.T.);
#801 = EDGE_CURVE('',#802,#802,#804,.T.);
#802 = VERTEX_POINT('',#803);
#803 = CARTESIAN_POINT('',(190.25,-99.2,0.));
#804 = CIRCLE('',#805,0.5);
#805 = AXIS2_PLACEMENT_3D('',#806,#807,#808);
#806 = CARTESIAN_POINT('',(190.25,-98.7,0.));
#807 = DIRECTION('',(-0.,0.,-1.));
#808 = DIRECTION('',(-0.,-1.,0.));
#809 = FACE_BOUND('',#810,.F.);
#810 = EDGE_LOOP('',(#811));
#811 = ORIENTED_EDGE('',*,*,#812,.T.);
#812 = EDGE_CURVE('',#813,#813,#815,.T.);
#813 = VERTEX_POINT('',#814);
#814 = CARTESIAN_POINT('',(175.,-96.66,0.));
#815 = CIRCLE('',#816,0.5);
#816 = AXIS2_PLACEMENT_3D('',#817,#818,#819);
#817 = CARTESIAN_POINT('',(175.,-96.16,0.));
#818 = DIRECTION('',(-0.,0.,-1.));
#819 = DIRECTION('',(-0.,-1.,0.));
#820 = FACE_BOUND('',#821,.F.);
#821 = EDGE_LOOP('',(#822));
#822 = ORIENTED_EDGE('',*,*,#823,.T.);
#823 = EDGE_CURVE('',#824,#824,#826,.T.);
#824 = VERTEX_POINT('',#825);
#825 = CARTESIAN_POINT('',(175.,-94.12,0.));
#826 = CIRCLE('',#827,0.5);
#827 = AXIS2_PLACEMENT_3D('',#828,#829,#830);
#828 = CARTESIAN_POINT('',(175.,-93.62,0.));
#829 = DIRECTION('',(-0.,0.,-1.));
#830 = DIRECTION('',(-0.,-1.,0.));
#831 = FACE_BOUND('',#832,.F.);
#832 = EDGE_LOOP('',(#833));
#833 = ORIENTED_EDGE('',*,*,#834,.T.);
#834 = EDGE_CURVE('',#835,#835,#837,.T.);
#835 = VERTEX_POINT('',#836);
#836 = CARTESIAN_POINT('',(190.25,-96.66,0.));
#837 = CIRCLE('',#838,0.5);
#838 = AXIS2_PLACEMENT_3D('',#839,#840,#841);
#839 = CARTESIAN_POINT('',(190.25,-96.16,0.));
#840 = DIRECTION('',(-0.,0.,-1.));
#841 = DIRECTION('',(-0.,-1.,0.));
#842 = FACE_BOUND('',#843,.F.);
#843 = EDGE_LOOP('',(#844));
#844 = ORIENTED_EDGE('',*,*,#845,.T.);
#845 = EDGE_CURVE('',#846,#846,#848,.T.);
#846 = VERTEX_POINT('',#847);
#847 = CARTESIAN_POINT('',(190.25,-94.12,0.));
#848 = CIRCLE('',#849,0.5);
#849 = AXIS2_PLACEMENT_3D('',#850,#851,#852);
#850 = CARTESIAN_POINT('',(190.25,-93.62,0.));
#851 = DIRECTION('',(-0.,0.,-1.));
#852 = DIRECTION('',(-0.,-1.,0.));
#853 = FACE_BOUND('',#854,.F.);
#854 = EDGE_LOOP('',(#855));
#855 = ORIENTED_EDGE('',*,*,#856,.T.);
#856 = EDGE_CURVE('',#857,#857,#859,.T.);
#857 = VERTEX_POINT('',#858);
#858 = CARTESIAN_POINT('',(157.15,-92.29,0.));
#859 = CIRCLE('',#860,0.75);
#860 = AXIS2_PLACEMENT_3D('',#861,#862,#863);
#861 = CARTESIAN_POINT('',(157.15,-91.54,0.));
#862 = DIRECTION('',(-0.,0.,-1.));
#863 = DIRECTION('',(-0.,-1.,0.));
#864 = FACE_BOUND('',#865,.F.);
#865 = EDGE_LOOP('',(#866));
#866 = ORIENTED_EDGE('',*,*,#867,.T.);
#867 = EDGE_CURVE('',#868,#868,#870,.T.);
#868 = VERTEX_POINT('',#869);
#869 = CARTESIAN_POINT('',(170.5,-91.09,0.));
#870 = CIRCLE('',#871,0.4);
#871 = AXIS2_PLACEMENT_3D('',#872,#873,#874);
#872 = CARTESIAN_POINT('',(170.5,-90.69,0.));
#873 = DIRECTION('',(-0.,0.,-1.));
#874 = DIRECTION('',(-0.,-1.,0.));
#875 = FACE_BOUND('',#876,.F.);
#876 = EDGE_LOOP('',(#877));
#877 = ORIENTED_EDGE('',*,*,#878,.T.);
#878 = EDGE_CURVE('',#879,#879,#881,.T.);
#879 = VERTEX_POINT('',#880);
#880 = CARTESIAN_POINT('',(163.5,-89.75,0.));
#881 = CIRCLE('',#882,0.75);
#882 = AXIS2_PLACEMENT_3D('',#883,#884,#885);
#883 = CARTESIAN_POINT('',(163.5,-89.,0.));
#884 = DIRECTION('',(-0.,0.,-1.));
#885 = DIRECTION('',(-0.,-1.,0.));
#886 = FACE_BOUND('',#887,.F.);
#887 = EDGE_LOOP('',(#888));
#888 = ORIENTED_EDGE('',*,*,#889,.T.);
#889 = EDGE_CURVE('',#890,#890,#892,.T.);
#890 = VERTEX_POINT('',#891);
#891 = CARTESIAN_POINT('',(175.,-91.58,0.));
#892 = CIRCLE('',#893,0.5);
#893 = AXIS2_PLACEMENT_3D('',#894,#895,#896);
#894 = CARTESIAN_POINT('',(175.,-91.08,0.));
#895 = DIRECTION('',(-0.,0.,-1.));
#896 = DIRECTION('',(-0.,-1.,0.));
#897 = FACE_BOUND('',#898,.F.);
#898 = EDGE_LOOP('',(#899));
#899 = ORIENTED_EDGE('',*,*,#900,.T.);
#900 = EDGE_CURVE('',#901,#901,#903,.T.);
#901 = VERTEX_POINT('',#902);
#902 = CARTESIAN_POINT('',(175.,-89.04,0.));
#903 = CIRCLE('',#904,0.5);
#904 = AXIS2_PLACEMENT_3D('',#905,#906,#907);
#905 = CARTESIAN_POINT('',(175.,-88.54,0.));
#906 = DIRECTION('',(-0.,0.,-1.));
#907 = DIRECTION('',(-0.,-1.,0.));
#908 = FACE_BOUND('',#909,.F.);
#909 = EDGE_LOOP('',(#910));
#910 = ORIENTED_EDGE('',*,*,#911,.T.);
#911 = EDGE_CURVE('',#912,#912,#914,.T.);
#912 = VERTEX_POINT('',#913);
#913 = CARTESIAN_POINT('',(190.25,-91.58,0.));
#914 = CIRCLE('',#915,0.5);
#915 = AXIS2_PLACEMENT_3D('',#916,#917,#918);
#916 = CARTESIAN_POINT('',(190.25,-91.08,0.));
#917 = DIRECTION('',(-0.,0.,-1.));
#918 = DIRECTION('',(-0.,-1.,0.));
#919 = FACE_BOUND('',#920,.F.);
#920 = EDGE_LOOP('',(#921));
#921 = ORIENTED_EDGE('',*,*,#922,.T.);
#922 = EDGE_CURVE('',#923,#923,#925,.T.);
#923 = VERTEX_POINT('',#924);
#924 = CARTESIAN_POINT('',(190.25,-89.04,0.));
#925 = CIRCLE('',#926,0.5);
#926 = AXIS2_PLACEMENT_3D('',#927,#928,#929);
#927 = CARTESIAN_POINT('',(190.25,-88.54,0.));
#928 = DIRECTION('',(-0.,0.,-1.));
#929 = DIRECTION('',(-0.,-1.,0.));
#930 = FACE_BOUND('',#931,.F.);
#931 = EDGE_LOOP('',(#932));
#932 = ORIENTED_EDGE('',*,*,#933,.T.);
#933 = EDGE_CURVE('',#934,#934,#936,.T.);
#934 = VERTEX_POINT('',#935);
#935 = CARTESIAN_POINT('',(175.,-86.5,0.));
#936 = CIRCLE('',#937,0.5);
#937 = AXIS2_PLACEMENT_3D('',#938,#939,#940);
#938 = CARTESIAN_POINT('',(175.,-86.,0.));
#939 = DIRECTION('',(-0.,0.,-1.));
#940 = DIRECTION('',(-0.,-1.,0.));
#941 = FACE_BOUND('',#942,.F.);
#942 = EDGE_LOOP('',(#943));
#943 = ORIENTED_EDGE('',*,*,#944,.T.);
#944 = EDGE_CURVE('',#945,#945,#947,.T.);
#945 = VERTEX_POINT('',#946);
#946 = CARTESIAN_POINT('',(190.25,-86.5,0.));
#947 = CIRCLE('',#948,0.5);
#948 = AXIS2_PLACEMENT_3D('',#949,#950,#951);
#949 = CARTESIAN_POINT('',(190.25,-86.,0.));
#950 = DIRECTION('',(-0.,0.,-1.));
#951 = DIRECTION('',(-0.,-1.,0.));
#952 = FACE_BOUND('',#953,.F.);
#953 = EDGE_LOOP('',(#954));
#954 = ORIENTED_EDGE('',*,*,#955,.T.);
#955 = EDGE_CURVE('',#956,#956,#958,.T.);
#956 = VERTEX_POINT('',#957);
#957 = CARTESIAN_POINT('',(132.5,-78.71,0.));
#958 = CIRCLE('',#959,0.4);
#959 = AXIS2_PLACEMENT_3D('',#960,#961,#962);
#960 = CARTESIAN_POINT('',(132.5,-78.31,0.));
#961 = DIRECTION('',(-0.,0.,-1.));
#962 = DIRECTION('',(-0.,-1.,0.));
#963 = FACE_BOUND('',#964,.F.);
#964 = EDGE_LOOP('',(#965));
#965 = ORIENTED_EDGE('',*,*,#966,.T.);
#966 = EDGE_CURVE('',#967,#967,#969,.T.);
#967 = VERTEX_POINT('',#968);
#968 = CARTESIAN_POINT('',(151.5,-78.71,0.));
#969 = CIRCLE('',#970,0.4);
#970 = AXIS2_PLACEMENT_3D('',#971,#972,#973);
#971 = CARTESIAN_POINT('',(151.5,-78.31,0.));
#972 = DIRECTION('',(-0.,0.,-1.));
#973 = DIRECTION('',(-0.,-1.,0.));
#974 = FACE_BOUND('',#975,.F.);
#975 = EDGE_LOOP('',(#976));
#976 = ORIENTED_EDGE('',*,*,#977,.T.);
#977 = EDGE_CURVE('',#978,#978,#980,.T.);
#978 = VERTEX_POINT('',#979);
#979 = CARTESIAN_POINT('',(117.84,-75.85,0.));
#980 = CIRCLE('',#981,0.85);
#981 = AXIS2_PLACEMENT_3D('',#982,#983,#984);
#982 = CARTESIAN_POINT('',(117.84,-75.,0.));
#983 = DIRECTION('',(-0.,0.,-1.));
#984 = DIRECTION('',(-0.,-1.,0.));
#985 = FACE_BOUND('',#986,.F.);
#986 = EDGE_LOOP('',(#987));
#987 = ORIENTED_EDGE('',*,*,#988,.T.);
#988 = EDGE_CURVE('',#989,#989,#991,.T.);
#989 = VERTEX_POINT('',#990);
#990 = CARTESIAN_POINT('',(122.92,-77.,0.));
#991 = CIRCLE('',#992,2.);
#992 = AXIS2_PLACEMENT_3D('',#993,#994,#995);
#993 = CARTESIAN_POINT('',(122.92,-75.,0.));
#994 = DIRECTION('',(-0.,0.,-1.));
#995 = DIRECTION('',(-0.,-1.,0.));
#996 = FACE_BOUND('',#997,.F.);
#997 = EDGE_LOOP('',(#998));
#998 = ORIENTED_EDGE('',*,*,#999,.T.);
#999 = EDGE_CURVE('',#1000,#1000,#1002,.T.);
#1000 = VERTEX_POINT('',#1001);
#1001 = CARTESIAN_POINT('',(119.11,-73.21,0.));
#1002 = CIRCLE('',#1003,0.75);
#1003 = AXIS2_PLACEMENT_3D('',#1004,#1005,#1006);
#1004 = CARTESIAN_POINT('',(119.11,-72.46,0.));
#1005 = DIRECTION('',(-0.,0.,-1.));
#1006 = DIRECTION('',(-0.,-1.,0.));
#1007 = FACE_BOUND('',#1008,.F.);
#1008 = EDGE_LOOP('',(#1009));
#1009 = ORIENTED_EDGE('',*,*,#1010,.T.);
#1010 = EDGE_CURVE('',#1011,#1011,#1013,.T.);
#1011 = VERTEX_POINT('',#1012);
#1012 = CARTESIAN_POINT('',(128.,-75.85,0.));
#1013 = CIRCLE('',#1014,0.85);
#1014 = AXIS2_PLACEMENT_3D('',#1015,#1016,#1017);
#1015 = CARTESIAN_POINT('',(128.,-75.,0.));
#1016 = DIRECTION('',(-0.,0.,-1.));
#1017 = DIRECTION('',(-0.,-1.,0.));
#1018 = FACE_BOUND('',#1019,.F.);
#1019 = EDGE_LOOP('',(#1020));
#1020 = ORIENTED_EDGE('',*,*,#1021,.T.);
#1021 = EDGE_CURVE('',#1022,#1022,#1024,.T.);
#1022 = VERTEX_POINT('',#1023);
#1023 = CARTESIAN_POINT('',(132.5,-71.09,0.));
#1024 = CIRCLE('',#1025,0.4);
#1025 = AXIS2_PLACEMENT_3D('',#1026,#1027,#1028);
#1026 = CARTESIAN_POINT('',(132.5,-70.69,0.));
#1027 = DIRECTION('',(-0.,0.,-1.));
#1028 = DIRECTION('',(-0.,-1.,0.));
#1029 = FACE_BOUND('',#1030,.F.);
#1030 = EDGE_LOOP('',(#1031));
#1031 = ORIENTED_EDGE('',*,*,#1032,.T.);
#1032 = EDGE_CURVE('',#1033,#1033,#1035,.T.);
#1033 = VERTEX_POINT('',#1034);
#1034 = CARTESIAN_POINT('',(125.46,-70.67,0.));
#1035 = CIRCLE('',#1036,0.75);
#1036 = AXIS2_PLACEMENT_3D('',#1037,#1038,#1039);
#1037 = CARTESIAN_POINT('',(125.46,-69.92,0.));
#1038 = DIRECTION('',(-0.,0.,-1.));
#1039 = DIRECTION('',(-0.,-1.,0.));
#1040 = FACE_BOUND('',#1041,.F.);
#1041 = EDGE_LOOP('',(#1042));
#1042 = ORIENTED_EDGE('',*,*,#1043,.T.);
#1043 = EDGE_CURVE('',#1044,#1044,#1046,.T.);
#1044 = VERTEX_POINT('',#1045);
#1045 = CARTESIAN_POINT('',(137.,-75.85,0.));
#1046 = CIRCLE('',#1047,0.85);
#1047 = AXIS2_PLACEMENT_3D('',#1048,#1049,#1050);
#1048 = CARTESIAN_POINT('',(137.,-75.,0.));
#1049 = DIRECTION('',(-0.,0.,-1.));
#1050 = DIRECTION('',(-0.,-1.,0.));
#1051 = FACE_BOUND('',#1052,.F.);
#1052 = EDGE_LOOP('',(#1053));
#1053 = ORIENTED_EDGE('',*,*,#1054,.T.);
#1054 = EDGE_CURVE('',#1055,#1055,#1057,.T.);
#1055 = VERTEX_POINT('',#1056);
#1056 = CARTESIAN_POINT('',(142.08,-77.,0.));
#1057 = CIRCLE('',#1058,2.);
#1058 = AXIS2_PLACEMENT_3D('',#1059,#1060,#1061);
#1059 = CARTESIAN_POINT('',(142.08,-75.,0.));
#1060 = DIRECTION('',(-0.,0.,-1.));
#1061 = DIRECTION('',(-0.,-1.,0.));
#1062 = FACE_BOUND('',#1063,.F.);
#1063 = EDGE_LOOP('',(#1064));
#1064 = ORIENTED_EDGE('',*,*,#1065,.T.);
#1065 = EDGE_CURVE('',#1066,#1066,#1068,.T.);
#1066 = VERTEX_POINT('',#1067);
#1067 = CARTESIAN_POINT('',(138.27,-73.21,0.));
#1068 = CIRCLE('',#1069,0.75);
#1069 = AXIS2_PLACEMENT_3D('',#1070,#1071,#1072);
#1070 = CARTESIAN_POINT('',(138.27,-72.46,0.));
#1071 = DIRECTION('',(-0.,0.,-1.));
#1072 = DIRECTION('',(-0.,-1.,0.));
#1073 = FACE_BOUND('',#1074,.F.);
#1074 = EDGE_LOOP('',(#1075));
#1075 = ORIENTED_EDGE('',*,*,#1076,.T.);
#1076 = EDGE_CURVE('',#1077,#1077,#1079,.T.);
#1077 = VERTEX_POINT('',#1078);
#1078 = CARTESIAN_POINT('',(147.16,-75.85,0.));
#1079 = CIRCLE('',#1080,0.85);
#1080 = AXIS2_PLACEMENT_3D('',#1081,#1082,#1083);
#1081 = CARTESIAN_POINT('',(147.16,-75.,0.));
#1082 = DIRECTION('',(-0.,0.,-1.));
#1083 = DIRECTION('',(-0.,-1.,0.));
#1084 = FACE_BOUND('',#1085,.F.);
#1085 = EDGE_LOOP('',(#1086));
#1086 = ORIENTED_EDGE('',*,*,#1087,.T.);
#1087 = EDGE_CURVE('',#1088,#1088,#1090,.T.);
#1088 = VERTEX_POINT('',#1089);
#1089 = CARTESIAN_POINT('',(151.5,-71.09,0.));
#1090 = CIRCLE('',#1091,0.4);
#1091 = AXIS2_PLACEMENT_3D('',#1092,#1093,#1094);
#1092 = CARTESIAN_POINT('',(151.5,-70.69,0.));
#1093 = DIRECTION('',(-0.,0.,-1.));
#1094 = DIRECTION('',(-0.,-1.,0.));
#1095 = FACE_BOUND('',#1096,.F.);
#1096 = EDGE_LOOP('',(#1097));
#1097 = ORIENTED_EDGE('',*,*,#1098,.T.);
#1098 = EDGE_CURVE('',#1099,#1099,#1101,.T.);
#1099 = VERTEX_POINT('',#1100);
#1100 = CARTESIAN_POINT('',(144.62,-70.67,0.));
#1101 = CIRCLE('',#1102,0.75);
#1102 = AXIS2_PLACEMENT_3D('',#1103,#1104,#1105);
#1103 = CARTESIAN_POINT('',(144.62,-69.92,0.));
#1104 = DIRECTION('',(-0.,0.,-1.));
#1105 = DIRECTION('',(-0.,-1.,0.));
#1106 = FACE_BOUND('',#1107,.F.);
#1107 = EDGE_LOOP('',(#1108));
#1108 = ORIENTED_EDGE('',*,*,#1109,.T.);
#1109 = EDGE_CURVE('',#1110,#1110,#1112,.T.);
#1110 = VERTEX_POINT('',#1111);
#1111 = CARTESIAN_POINT('',(170.5,-78.71,0.));
#1112 = CIRCLE('',#1113,0.4);
#1113 = AXIS2_PLACEMENT_3D('',#1114,#1115,#1116);
#1114 = CARTESIAN_POINT('',(170.5,-78.31,0.));
#1115 = DIRECTION('',(-0.,0.,-1.));
#1116 = DIRECTION('',(-0.,-1.,0.));
#1117 = FACE_BOUND('',#1118,.F.);
#1118 = EDGE_LOOP('',(#1119,#1130,#1138,#1147));
#1119 = ORIENTED_EDGE('',*,*,#1120,.T.);
#1120 = EDGE_CURVE('',#1121,#1123,#1125,.T.);
#1121 = VERTEX_POINT('',#1122);
#1122 = CARTESIAN_POINT('',(183.15,-77.35,0.));
#1123 = VERTEX_POINT('',#1124);
#1124 = CARTESIAN_POINT('',(183.15,-78.85,0.));
#1125 = CIRCLE('',#1126,0.75);
#1126 = AXIS2_PLACEMENT_3D('',#1127,#1128,#1129);
#1127 = CARTESIAN_POINT('',(183.15,-78.1,0.));
#1128 = DIRECTION('',(-0.,0.,-1.));
#1129 = DIRECTION('',(-0.,-1.,0.));
#1130 = ORIENTED_EDGE('',*,*,#1131,.T.);
#1131 = EDGE_CURVE('',#1123,#1132,#1134,.T.);
#1132 = VERTEX_POINT('',#1133);
#1133 = CARTESIAN_POINT('',(181.85,-78.85,0.));
#1134 = LINE('',#1135,#1136);
#1135 = CARTESIAN_POINT('',(90.925,-78.85,0.));
#1136 = VECTOR('',#1137,1.);
#1137 = DIRECTION('',(-1.,0.,0.));
#1138 = ORIENTED_EDGE('',*,*,#1139,.T.);
#1139 = EDGE_CURVE('',#1132,#1140,#1142,.T.);
#1140 = VERTEX_POINT('',#1141);
#1141 = CARTESIAN_POINT('',(181.85,-77.35,0.));
#1142 = CIRCLE('',#1143,0.75);
#1143 = AXIS2_PLACEMENT_3D('',#1144,#1145,#1146);
#1144 = CARTESIAN_POINT('',(181.85,-78.1,0.));
#1145 = DIRECTION('',(-0.,0.,-1.));
#1146 = DIRECTION('',(0.,1.,0.));
#1147 = ORIENTED_EDGE('',*,*,#1148,.T.);
#1148 = EDGE_CURVE('',#1140,#1121,#1149,.T.);
#1149 = LINE('',#1150,#1151);
#1150 = CARTESIAN_POINT('',(91.575,-77.35,0.));
#1151 = VECTOR('',#1152,1.);
#1152 = DIRECTION('',(1.,0.,-0.));
#1153 = FACE_BOUND('',#1154,.F.);
#1154 = EDGE_LOOP('',(#1155));
#1155 = ORIENTED_EDGE('',*,*,#1156,.T.);
#1156 = EDGE_CURVE('',#1157,#1157,#1159,.T.);
#1157 = VERTEX_POINT('',#1158);
#1158 = CARTESIAN_POINT('',(155.84,-75.85,0.));
#1159 = CIRCLE('',#1160,0.85);
#1160 = AXIS2_PLACEMENT_3D('',#1161,#1162,#1163);
#1161 = CARTESIAN_POINT('',(155.84,-75.,0.));
#1162 = DIRECTION('',(-0.,0.,-1.));
#1163 = DIRECTION('',(-0.,-1.,0.));
#1164 = FACE_BOUND('',#1165,.F.);
#1165 = EDGE_LOOP('',(#1166));
#1166 = ORIENTED_EDGE('',*,*,#1167,.T.);
#1167 = EDGE_CURVE('',#1168,#1168,#1170,.T.);
#1168 = VERTEX_POINT('',#1169);
#1169 = CARTESIAN_POINT('',(160.92,-77.,0.));
#1170 = CIRCLE('',#1171,2.);
#1171 = AXIS2_PLACEMENT_3D('',#1172,#1173,#1174);
#1172 = CARTESIAN_POINT('',(160.92,-75.,0.));
#1173 = DIRECTION('',(-0.,0.,-1.));
#1174 = DIRECTION('',(-0.,-1.,0.));
#1175 = FACE_BOUND('',#1176,.F.);
#1176 = EDGE_LOOP('',(#1177));
#1177 = ORIENTED_EDGE('',*,*,#1178,.T.);
#1178 = EDGE_CURVE('',#1179,#1179,#1181,.T.);
#1179 = VERTEX_POINT('',#1180);
#1180 = CARTESIAN_POINT('',(157.11,-73.21,0.));
#1181 = CIRCLE('',#1182,0.75);
#1182 = AXIS2_PLACEMENT_3D('',#1183,#1184,#1185);
#1183 = CARTESIAN_POINT('',(157.11,-72.46,0.));
#1184 = DIRECTION('',(-0.,0.,-1.));
#1185 = DIRECTION('',(-0.,-1.,0.));
#1186 = FACE_BOUND('',#1187,.F.);
#1187 = EDGE_LOOP('',(#1188));
#1188 = ORIENTED_EDGE('',*,*,#1189,.T.);
#1189 = EDGE_CURVE('',#1190,#1190,#1192,.T.);
#1190 = VERTEX_POINT('',#1191);
#1191 = CARTESIAN_POINT('',(166.,-75.85,0.));
#1192 = CIRCLE('',#1193,0.85);
#1193 = AXIS2_PLACEMENT_3D('',#1194,#1195,#1196);
#1194 = CARTESIAN_POINT('',(166.,-75.,0.));
#1195 = DIRECTION('',(-0.,0.,-1.));
#1196 = DIRECTION('',(-0.,-1.,0.));
#1197 = FACE_BOUND('',#1198,.F.);
#1198 = EDGE_LOOP('',(#1199));
#1199 = ORIENTED_EDGE('',*,*,#1200,.T.);
#1200 = EDGE_CURVE('',#1201,#1201,#1203,.T.);
#1201 = VERTEX_POINT('',#1202);
#1202 = CARTESIAN_POINT('',(170.5,-71.09,0.));
#1203 = CIRCLE('',#1204,0.4);
#1204 = AXIS2_PLACEMENT_3D('',#1205,#1206,#1207);
#1205 = CARTESIAN_POINT('',(170.5,-70.69,0.));
#1206 = DIRECTION('',(-0.,0.,-1.));
#1207 = DIRECTION('',(-0.,-1.,0.));
#1208 = FACE_BOUND('',#1209,.F.);
#1209 = EDGE_LOOP('',(#1210));
#1210 = ORIENTED_EDGE('',*,*,#1211,.T.);
#1211 = EDGE_CURVE('',#1212,#1212,#1214,.T.);
#1212 = VERTEX_POINT('',#1213);
#1213 = CARTESIAN_POINT('',(163.46,-70.67,0.));
#1214 = CIRCLE('',#1215,0.75);
#1215 = AXIS2_PLACEMENT_3D('',#1216,#1217,#1218);
#1216 = CARTESIAN_POINT('',(163.46,-69.92,0.));
#1217 = DIRECTION('',(-0.,0.,-1.));
#1218 = DIRECTION('',(-0.,-1.,0.));
#1219 = FACE_BOUND('',#1220,.F.);
#1220 = EDGE_LOOP('',(#1221));
#1221 = ORIENTED_EDGE('',*,*,#1222,.T.);
#1222 = EDGE_CURVE('',#1223,#1223,#1225,.T.);
#1223 = VERTEX_POINT('',#1224);
#1224 = CARTESIAN_POINT('',(175.,-75.5,0.));
#1225 = CIRCLE('',#1226,0.5);
#1226 = AXIS2_PLACEMENT_3D('',#1227,#1228,#1229);
#1227 = CARTESIAN_POINT('',(175.,-75.,0.));
#1228 = DIRECTION('',(-0.,0.,-1.));
#1229 = DIRECTION('',(-0.,-1.,0.));
#1230 = FACE_BOUND('',#1231,.F.);
#1231 = EDGE_LOOP('',(#1232));
#1232 = ORIENTED_EDGE('',*,*,#1233,.T.);
#1233 = EDGE_CURVE('',#1234,#1234,#1236,.T.);
#1234 = VERTEX_POINT('',#1235);
#1235 = CARTESIAN_POINT('',(175.,-73.,0.));
#1236 = CIRCLE('',#1237,0.5);
#1237 = AXIS2_PLACEMENT_3D('',#1238,#1239,#1240);
#1238 = CARTESIAN_POINT('',(175.,-72.5,0.));
#1239 = DIRECTION('',(-0.,0.,-1.));
#1240 = DIRECTION('',(-0.,-1.,0.));
#1241 = FACE_BOUND('',#1242,.F.);
#1242 = EDGE_LOOP('',(#1243));
#1243 = ORIENTED_EDGE('',*,*,#1244,.T.);
#1244 = EDGE_CURVE('',#1245,#1245,#1247,.T.);
#1245 = VERTEX_POINT('',#1246);
#1246 = CARTESIAN_POINT('',(189.5,-75.5,0.));
#1247 = CIRCLE('',#1248,0.5);
#1248 = AXIS2_PLACEMENT_3D('',#1249,#1250,#1251);
#1249 = CARTESIAN_POINT('',(189.5,-75.,0.));
#1250 = DIRECTION('',(-0.,0.,-1.));
#1251 = DIRECTION('',(-0.,-1.,0.));
#1252 = FACE_BOUND('',#1253,.F.);
#1253 = EDGE_LOOP('',(#1254));
#1254 = ORIENTED_EDGE('',*,*,#1255,.T.);
#1255 = EDGE_CURVE('',#1256,#1256,#1258,.T.);
#1256 = VERTEX_POINT('',#1257);
#1257 = CARTESIAN_POINT('',(175.,-70.5,0.));
#1258 = CIRCLE('',#1259,0.5);
#1259 = AXIS2_PLACEMENT_3D('',#1260,#1261,#1262);
#1260 = CARTESIAN_POINT('',(175.,-70.,0.));
#1261 = DIRECTION('',(-0.,0.,-1.));
#1262 = DIRECTION('',(-0.,-1.,0.));
#1263 = FACE_BOUND('',#1264,.F.);
#1264 = EDGE_LOOP('',(#1265));
#1265 = ORIENTED_EDGE('',*,*,#1266,.T.);
#1266 = EDGE_CURVE('',#1267,#1267,#1269,.T.);
#1267 = VERTEX_POINT('',#1268);
#1268 = CARTESIAN_POINT('',(189.5,-70.5,0.));
#1269 = CIRCLE('',#1270,0.5);
#1270 = AXIS2_PLACEMENT_3D('',#1271,#1272,#1273);
#1271 = CARTESIAN_POINT('',(189.5,-70.,0.));
#1272 = DIRECTION('',(-0.,0.,-1.));
#1273 = DIRECTION('',(-0.,-1.,0.));
#1274 = FACE_BOUND('',#1275,.F.);
#1275 = EDGE_LOOP('',(#1276,#1287,#1295,#1304));
#1276 = ORIENTED_EDGE('',*,*,#1277,.T.);
#1277 = EDGE_CURVE('',#1278,#1280,#1282,.T.);
#1278 = VERTEX_POINT('',#1279);
#1279 = CARTESIAN_POINT('',(183.15,-66.15,0.));
#1280 = VERTEX_POINT('',#1281);
#1281 = CARTESIAN_POINT('',(183.15,-67.65,0.));
#1282 = CIRCLE('',#1283,0.75);
#1283 = AXIS2_PLACEMENT_3D('',#1284,#1285,#1286);
#1284 = CARTESIAN_POINT('',(183.15,-66.9,0.));
#1285 = DIRECTION('',(-0.,0.,-1.));
#1286 = DIRECTION('',(-0.,-1.,0.));
#1287 = ORIENTED_EDGE('',*,*,#1288,.T.);
#1288 = EDGE_CURVE('',#1280,#1289,#1291,.T.);
#1289 = VERTEX_POINT('',#1290);
#1290 = CARTESIAN_POINT('',(181.85,-67.65,0.));
#1291 = LINE('',#1292,#1293);
#1292 = CARTESIAN_POINT('',(90.925,-67.65,0.));
#1293 = VECTOR('',#1294,1.);
#1294 = DIRECTION('',(-1.,0.,0.));
#1295 = ORIENTED_EDGE('',*,*,#1296,.T.);
#1296 = EDGE_CURVE('',#1289,#1297,#1299,.T.);
#1297 = VERTEX_POINT('',#1298);
#1298 = CARTESIAN_POINT('',(181.85,-66.15,0.));
#1299 = CIRCLE('',#1300,0.75);
#1300 = AXIS2_PLACEMENT_3D('',#1301,#1302,#1303);
#1301 = CARTESIAN_POINT('',(181.85,-66.9,0.));
#1302 = DIRECTION('',(-0.,0.,-1.));
#1303 = DIRECTION('',(0.,1.,0.));
#1304 = ORIENTED_EDGE('',*,*,#1305,.T.);
#1305 = EDGE_CURVE('',#1297,#1278,#1306,.T.);
#1306 = LINE('',#1307,#1308);
#1307 = CARTESIAN_POINT('',(91.575,-66.15,0.));
#1308 = VECTOR('',#1309,1.);
#1309 = DIRECTION('',(1.,0.,-0.));
#1310 = PLANE('',#1311);
#1311 = AXIS2_PLACEMENT_3D('',#1312,#1313,#1314);
#1312 = CARTESIAN_POINT('',(0.,0.,0.));
#1313 = DIRECTION('',(0.,0.,1.));
#1314 = DIRECTION('',(1.,0.,-0.));
#1315 = ADVANCED_FACE('',(#1316,#1327,#1338,#1349,#1360,#1371,#1382,
    #1393,#1404,#1415,#1426,#1437,#1448,#1459,#1470,#1481,#1492,#1503,
    #1514,#1525,#1536,#1547,#1558,#1569,#1580,#1591,#1602,#1613,#1624,
    #1635,#1646,#1657,#1668,#1679,#1690,#1701,#1712,#1723,#1734,#1745,
    #1756,#1767,#1778,#1789,#1800,#1811,#1822,#1833,#1844,#1855,#1866,
    #1877,#1913,#1924,#1935,#1946,#1957,#1968,#1979,#1990,#2001,#2012,
    #2023,#2034),#2070,.T.);
#1316 = FACE_BOUND('',#1317,.T.);
#1317 = EDGE_LOOP('',(#1318,#1319,#1320,#1326));
#1318 = ORIENTED_EDGE('',*,*,#467,.F.);
#1319 = ORIENTED_EDGE('',*,*,#507,.F.);
#1320 = ORIENTED_EDGE('',*,*,#1321,.F.);
#1321 = EDGE_CURVE('',#530,#500,#1322,.T.);
#1322 = LINE('',#1323,#1324);
#1323 = CARTESIAN_POINT('',(111.,-63.,1.51));
#1324 = VECTOR('',#1325,1.);
#1325 = DIRECTION('',(1.,0.,0.));
#1326 = ORIENTED_EDGE('',*,*,#529,.F.);
#1327 = FACE_BOUND('',#1328,.T.);
#1328 = EDGE_LOOP('',(#1329));
#1329 = ORIENTED_EDGE('',*,*,#1330,.T.);
#1330 = EDGE_CURVE('',#1331,#1331,#1333,.T.);
#1331 = VERTEX_POINT('',#1332);
#1332 = CARTESIAN_POINT('',(132.5,-98.71,1.51));
#1333 = CIRCLE('',#1334,0.4);
#1334 = AXIS2_PLACEMENT_3D('',#1335,#1336,#1337);
#1335 = CARTESIAN_POINT('',(132.5,-98.31,1.51));
#1336 = DIRECTION('',(-0.,0.,-1.));
#1337 = DIRECTION('',(-0.,-1.,0.));
#1338 = FACE_BOUND('',#1339,.T.);
#1339 = EDGE_LOOP('',(#1340));
#1340 = ORIENTED_EDGE('',*,*,#1341,.T.);
#1341 = EDGE_CURVE('',#1342,#1342,#1344,.T.);
#1342 = VERTEX_POINT('',#1343);
#1343 = CARTESIAN_POINT('',(117.84,-94.85,1.51));
#1344 = CIRCLE('',#1345,0.85);
#1345 = AXIS2_PLACEMENT_3D('',#1346,#1347,#1348);
#1346 = CARTESIAN_POINT('',(117.84,-94.,1.51));
#1347 = DIRECTION('',(-0.,0.,-1.));
#1348 = DIRECTION('',(-0.,-1.,0.));
#1349 = FACE_BOUND('',#1350,.T.);
#1350 = EDGE_LOOP('',(#1351));
#1351 = ORIENTED_EDGE('',*,*,#1352,.T.);
#1352 = EDGE_CURVE('',#1353,#1353,#1355,.T.);
#1353 = VERTEX_POINT('',#1354);
#1354 = CARTESIAN_POINT('',(122.92,-96.,1.51));
#1355 = CIRCLE('',#1356,2.);
#1356 = AXIS2_PLACEMENT_3D('',#1357,#1358,#1359);
#1357 = CARTESIAN_POINT('',(122.92,-94.,1.51));
#1358 = DIRECTION('',(-0.,0.,-1.));
#1359 = DIRECTION('',(-0.,-1.,0.));
#1360 = FACE_BOUND('',#1361,.T.);
#1361 = EDGE_LOOP('',(#1362));
#1362 = ORIENTED_EDGE('',*,*,#1363,.T.);
#1363 = EDGE_CURVE('',#1364,#1364,#1366,.T.);
#1364 = VERTEX_POINT('',#1365);
#1365 = CARTESIAN_POINT('',(128.,-94.85,1.51));
#1366 = CIRCLE('',#1367,0.85);
#1367 = AXIS2_PLACEMENT_3D('',#1368,#1369,#1370);
#1368 = CARTESIAN_POINT('',(128.,-94.,1.51));
#1369 = DIRECTION('',(-0.,0.,-1.));
#1370 = DIRECTION('',(-0.,-1.,0.));
#1371 = FACE_BOUND('',#1372,.T.);
#1372 = EDGE_LOOP('',(#1373));
#1373 = ORIENTED_EDGE('',*,*,#1374,.T.);
#1374 = EDGE_CURVE('',#1375,#1375,#1377,.T.);
#1375 = VERTEX_POINT('',#1376);
#1376 = CARTESIAN_POINT('',(151.5,-98.71,1.51));
#1377 = CIRCLE('',#1378,0.4);
#1378 = AXIS2_PLACEMENT_3D('',#1379,#1380,#1381);
#1379 = CARTESIAN_POINT('',(151.5,-98.31,1.51));
#1380 = DIRECTION('',(-0.,0.,-1.));
#1381 = DIRECTION('',(-0.,-1.,0.));
#1382 = FACE_BOUND('',#1383,.T.);
#1383 = EDGE_LOOP('',(#1384));
#1384 = ORIENTED_EDGE('',*,*,#1385,.T.);
#1385 = EDGE_CURVE('',#1386,#1386,#1388,.T.);
#1386 = VERTEX_POINT('',#1387);
#1387 = CARTESIAN_POINT('',(137.,-94.85,1.51));
#1388 = CIRCLE('',#1389,0.85);
#1389 = AXIS2_PLACEMENT_3D('',#1390,#1391,#1392);
#1390 = CARTESIAN_POINT('',(137.,-94.,1.51));
#1391 = DIRECTION('',(-0.,0.,-1.));
#1392 = DIRECTION('',(-0.,-1.,0.));
#1393 = FACE_BOUND('',#1394,.T.);
#1394 = EDGE_LOOP('',(#1395));
#1395 = ORIENTED_EDGE('',*,*,#1396,.T.);
#1396 = EDGE_CURVE('',#1397,#1397,#1399,.T.);
#1397 = VERTEX_POINT('',#1398);
#1398 = CARTESIAN_POINT('',(142.08,-96.,1.51));
#1399 = CIRCLE('',#1400,2.);
#1400 = AXIS2_PLACEMENT_3D('',#1401,#1402,#1403);
#1401 = CARTESIAN_POINT('',(142.08,-94.,1.51));
#1402 = DIRECTION('',(-0.,0.,-1.));
#1403 = DIRECTION('',(-0.,-1.,0.));
#1404 = FACE_BOUND('',#1405,.T.);
#1405 = EDGE_LOOP('',(#1406));
#1406 = ORIENTED_EDGE('',*,*,#1407,.T.);
#1407 = EDGE_CURVE('',#1408,#1408,#1410,.T.);
#1408 = VERTEX_POINT('',#1409);
#1409 = CARTESIAN_POINT('',(147.16,-94.85,1.51));
#1410 = CIRCLE('',#1411,0.85);
#1411 = AXIS2_PLACEMENT_3D('',#1412,#1413,#1414);
#1412 = CARTESIAN_POINT('',(147.16,-94.,1.51));
#1413 = DIRECTION('',(-0.,0.,-1.));
#1414 = DIRECTION('',(-0.,-1.,0.));
#1415 = FACE_BOUND('',#1416,.T.);
#1416 = EDGE_LOOP('',(#1417));
#1417 = ORIENTED_EDGE('',*,*,#1418,.T.);
#1418 = EDGE_CURVE('',#1419,#1419,#1421,.T.);
#1419 = VERTEX_POINT('',#1420);
#1420 = CARTESIAN_POINT('',(119.11,-92.21,1.51));
#1421 = CIRCLE('',#1422,0.75);
#1422 = AXIS2_PLACEMENT_3D('',#1423,#1424,#1425);
#1423 = CARTESIAN_POINT('',(119.11,-91.46,1.51));
#1424 = DIRECTION('',(-0.,0.,-1.));
#1425 = DIRECTION('',(-0.,-1.,0.));
#1426 = FACE_BOUND('',#1427,.T.);
#1427 = EDGE_LOOP('',(#1428));
#1428 = ORIENTED_EDGE('',*,*,#1429,.T.);
#1429 = EDGE_CURVE('',#1430,#1430,#1432,.T.);
#1430 = VERTEX_POINT('',#1431);
#1431 = CARTESIAN_POINT('',(125.46,-89.67,1.51));
#1432 = CIRCLE('',#1433,0.75);
#1433 = AXIS2_PLACEMENT_3D('',#1434,#1435,#1436);
#1434 = CARTESIAN_POINT('',(125.46,-88.92,1.51));
#1435 = DIRECTION('',(-0.,0.,-1.));
#1436 = DIRECTION('',(-0.,-1.,0.));
#1437 = FACE_BOUND('',#1438,.T.);
#1438 = EDGE_LOOP('',(#1439));
#1439 = ORIENTED_EDGE('',*,*,#1440,.T.);
#1440 = EDGE_CURVE('',#1441,#1441,#1443,.T.);
#1441 = VERTEX_POINT('',#1442);
#1442 = CARTESIAN_POINT('',(132.5,-91.09,1.51));
#1443 = CIRCLE('',#1444,0.4);
#1444 = AXIS2_PLACEMENT_3D('',#1445,#1446,#1447);
#1445 = CARTESIAN_POINT('',(132.5,-90.69,1.51));
#1446 = DIRECTION('',(-0.,0.,-1.));
#1447 = DIRECTION('',(-0.,-1.,0.));
#1448 = FACE_BOUND('',#1449,.T.);
#1449 = EDGE_LOOP('',(#1450));
#1450 = ORIENTED_EDGE('',*,*,#1451,.T.);
#1451 = EDGE_CURVE('',#1452,#1452,#1454,.T.);
#1452 = VERTEX_POINT('',#1453);
#1453 = CARTESIAN_POINT('',(138.27,-92.21,1.51));
#1454 = CIRCLE('',#1455,0.75);
#1455 = AXIS2_PLACEMENT_3D('',#1456,#1457,#1458);
#1456 = CARTESIAN_POINT('',(138.27,-91.46,1.51));
#1457 = DIRECTION('',(-0.,0.,-1.));
#1458 = DIRECTION('',(-0.,-1.,0.));
#1459 = FACE_BOUND('',#1460,.T.);
#1460 = EDGE_LOOP('',(#1461));
#1461 = ORIENTED_EDGE('',*,*,#1462,.T.);
#1462 = EDGE_CURVE('',#1463,#1463,#1465,.T.);
#1463 = VERTEX_POINT('',#1464);
#1464 = CARTESIAN_POINT('',(144.62,-89.67,1.51));
#1465 = CIRCLE('',#1466,0.75);
#1466 = AXIS2_PLACEMENT_3D('',#1467,#1468,#1469);
#1467 = CARTESIAN_POINT('',(144.62,-88.92,1.51));
#1468 = DIRECTION('',(-0.,0.,-1.));
#1469 = DIRECTION('',(-0.,-1.,0.));
#1470 = FACE_BOUND('',#1471,.T.);
#1471 = EDGE_LOOP('',(#1472));
#1472 = ORIENTED_EDGE('',*,*,#1473,.T.);
#1473 = EDGE_CURVE('',#1474,#1474,#1476,.T.);
#1474 = VERTEX_POINT('',#1475);
#1475 = CARTESIAN_POINT('',(151.5,-91.09,1.51));
#1476 = CIRCLE('',#1477,0.4);
#1477 = AXIS2_PLACEMENT_3D('',#1478,#1479,#1480);
#1478 = CARTESIAN_POINT('',(151.5,-90.69,1.51));
#1479 = DIRECTION('',(-0.,0.,-1.));
#1480 = DIRECTION('',(-0.,-1.,0.));
#1481 = FACE_BOUND('',#1482,.T.);
#1482 = EDGE_LOOP('',(#1483));
#1483 = ORIENTED_EDGE('',*,*,#1484,.T.);
#1484 = EDGE_CURVE('',#1485,#1485,#1487,.T.);
#1485 = VERTEX_POINT('',#1486);
#1486 = CARTESIAN_POINT('',(170.5,-98.71,1.51));
#1487 = CIRCLE('',#1488,0.4);
#1488 = AXIS2_PLACEMENT_3D('',#1489,#1490,#1491);
#1489 = CARTESIAN_POINT('',(170.5,-98.31,1.51));
#1490 = DIRECTION('',(-0.,0.,-1.));
#1491 = DIRECTION('',(-0.,-1.,0.));
#1492 = FACE_BOUND('',#1493,.T.);
#1493 = EDGE_LOOP('',(#1494));
#1494 = ORIENTED_EDGE('',*,*,#1495,.T.);
#1495 = EDGE_CURVE('',#1496,#1496,#1498,.T.);
#1496 = VERTEX_POINT('',#1497);
#1497 = CARTESIAN_POINT('',(155.88,-94.93,1.51));
#1498 = CIRCLE('',#1499,0.85);
#1499 = AXIS2_PLACEMENT_3D('',#1500,#1501,#1502);
#1500 = CARTESIAN_POINT('',(155.88,-94.08,1.51));
#1501 = DIRECTION('',(-0.,0.,-1.));
#1502 = DIRECTION('',(-0.,-1.,0.));
#1503 = FACE_BOUND('',#1504,.T.);
#1504 = EDGE_LOOP('',(#1505));
#1505 = ORIENTED_EDGE('',*,*,#1506,.T.);
#1506 = EDGE_CURVE('',#1507,#1507,#1509,.T.);
#1507 = VERTEX_POINT('',#1508);
#1508 = CARTESIAN_POINT('',(160.96,-96.08,1.51));
#1509 = CIRCLE('',#1510,2.);
#1510 = AXIS2_PLACEMENT_3D('',#1511,#1512,#1513);
#1511 = CARTESIAN_POINT('',(160.96,-94.08,1.51));
#1512 = DIRECTION('',(-0.,0.,-1.));
#1513 = DIRECTION('',(-0.,-1.,0.));
#1514 = FACE_BOUND('',#1515,.T.);
#1515 = EDGE_LOOP('',(#1516));
#1516 = ORIENTED_EDGE('',*,*,#1517,.T.);
#1517 = EDGE_CURVE('',#1518,#1518,#1520,.T.);
#1518 = VERTEX_POINT('',#1519);
#1519 = CARTESIAN_POINT('',(166.04,-94.93,1.51));
#1520 = CIRCLE('',#1521,0.85);
#1521 = AXIS2_PLACEMENT_3D('',#1522,#1523,#1524);
#1522 = CARTESIAN_POINT('',(166.04,-94.08,1.51));
#1523 = DIRECTION('',(-0.,0.,-1.));
#1524 = DIRECTION('',(-0.,-1.,0.));
#1525 = FACE_BOUND('',#1526,.T.);
#1526 = EDGE_LOOP('',(#1527));
#1527 = ORIENTED_EDGE('',*,*,#1528,.T.);
#1528 = EDGE_CURVE('',#1529,#1529,#1531,.T.);
#1529 = VERTEX_POINT('',#1530);
#1530 = CARTESIAN_POINT('',(175.,-101.74,1.51));
#1531 = CIRCLE('',#1532,0.5);
#1532 = AXIS2_PLACEMENT_3D('',#1533,#1534,#1535);
#1533 = CARTESIAN_POINT('',(175.,-101.24,1.51));
#1534 = DIRECTION('',(-0.,0.,-1.));
#1535 = DIRECTION('',(-0.,-1.,0.));
#1536 = FACE_BOUND('',#1537,.T.);
#1537 = EDGE_LOOP('',(#1538));
#1538 = ORIENTED_EDGE('',*,*,#1539,.T.);
#1539 = EDGE_CURVE('',#1540,#1540,#1542,.T.);
#1540 = VERTEX_POINT('',#1541);
#1541 = CARTESIAN_POINT('',(175.,-99.2,1.51));
#1542 = CIRCLE('',#1543,0.5);
#1543 = AXIS2_PLACEMENT_3D('',#1544,#1545,#1546);
#1544 = CARTESIAN_POINT('',(175.,-98.7,1.51));
#1545 = DIRECTION('',(-0.,0.,-1.));
#1546 = DIRECTION('',(-0.,-1.,0.));
#1547 = FACE_BOUND('',#1548,.T.);
#1548 = EDGE_LOOP('',(#1549));
#1549 = ORIENTED_EDGE('',*,*,#1550,.T.);
#1550 = EDGE_CURVE('',#1551,#1551,#1553,.T.);
#1551 = VERTEX_POINT('',#1552);
#1552 = CARTESIAN_POINT('',(190.25,-101.74,1.51));
#1553 = CIRCLE('',#1554,0.5);
#1554 = AXIS2_PLACEMENT_3D('',#1555,#1556,#1557);
#1555 = CARTESIAN_POINT('',(190.25,-101.24,1.51));
#1556 = DIRECTION('',(-0.,0.,-1.));
#1557 = DIRECTION('',(-0.,-1.,0.));
#1558 = FACE_BOUND('',#1559,.T.);
#1559 = EDGE_LOOP('',(#1560));
#1560 = ORIENTED_EDGE('',*,*,#1561,.T.);
#1561 = EDGE_CURVE('',#1562,#1562,#1564,.T.);
#1562 = VERTEX_POINT('',#1563);
#1563 = CARTESIAN_POINT('',(190.25,-99.2,1.51));
#1564 = CIRCLE('',#1565,0.5);
#1565 = AXIS2_PLACEMENT_3D('',#1566,#1567,#1568);
#1566 = CARTESIAN_POINT('',(190.25,-98.7,1.51));
#1567 = DIRECTION('',(-0.,0.,-1.));
#1568 = DIRECTION('',(-0.,-1.,0.));
#1569 = FACE_BOUND('',#1570,.T.);
#1570 = EDGE_LOOP('',(#1571));
#1571 = ORIENTED_EDGE('',*,*,#1572,.T.);
#1572 = EDGE_CURVE('',#1573,#1573,#1575,.T.);
#1573 = VERTEX_POINT('',#1574);
#1574 = CARTESIAN_POINT('',(175.,-96.66,1.51));
#1575 = CIRCLE('',#1576,0.5);
#1576 = AXIS2_PLACEMENT_3D('',#1577,#1578,#1579);
#1577 = CARTESIAN_POINT('',(175.,-96.16,1.51));
#1578 = DIRECTION('',(-0.,0.,-1.));
#1579 = DIRECTION('',(-0.,-1.,0.));
#1580 = FACE_BOUND('',#1581,.T.);
#1581 = EDGE_LOOP('',(#1582));
#1582 = ORIENTED_EDGE('',*,*,#1583,.T.);
#1583 = EDGE_CURVE('',#1584,#1584,#1586,.T.);
#1584 = VERTEX_POINT('',#1585);
#1585 = CARTESIAN_POINT('',(175.,-94.12,1.51));
#1586 = CIRCLE('',#1587,0.5);
#1587 = AXIS2_PLACEMENT_3D('',#1588,#1589,#1590);
#1588 = CARTESIAN_POINT('',(175.,-93.62,1.51));
#1589 = DIRECTION('',(-0.,0.,-1.));
#1590 = DIRECTION('',(-0.,-1.,0.));
#1591 = FACE_BOUND('',#1592,.T.);
#1592 = EDGE_LOOP('',(#1593));
#1593 = ORIENTED_EDGE('',*,*,#1594,.T.);
#1594 = EDGE_CURVE('',#1595,#1595,#1597,.T.);
#1595 = VERTEX_POINT('',#1596);
#1596 = CARTESIAN_POINT('',(190.25,-96.66,1.51));
#1597 = CIRCLE('',#1598,0.5);
#1598 = AXIS2_PLACEMENT_3D('',#1599,#1600,#1601);
#1599 = CARTESIAN_POINT('',(190.25,-96.16,1.51));
#1600 = DIRECTION('',(-0.,0.,-1.));
#1601 = DIRECTION('',(-0.,-1.,0.));
#1602 = FACE_BOUND('',#1603,.T.);
#1603 = EDGE_LOOP('',(#1604));
#1604 = ORIENTED_EDGE('',*,*,#1605,.T.);
#1605 = EDGE_CURVE('',#1606,#1606,#1608,.T.);
#1606 = VERTEX_POINT('',#1607);
#1607 = CARTESIAN_POINT('',(190.25,-94.12,1.51));
#1608 = CIRCLE('',#1609,0.5);
#1609 = AXIS2_PLACEMENT_3D('',#1610,#1611,#1612);
#1610 = CARTESIAN_POINT('',(190.25,-93.62,1.51));
#1611 = DIRECTION('',(-0.,0.,-1.));
#1612 = DIRECTION('',(-0.,-1.,0.));
#1613 = FACE_BOUND('',#1614,.T.);
#1614 = EDGE_LOOP('',(#1615));
#1615 = ORIENTED_EDGE('',*,*,#1616,.T.);
#1616 = EDGE_CURVE('',#1617,#1617,#1619,.T.);
#1617 = VERTEX_POINT('',#1618);
#1618 = CARTESIAN_POINT('',(157.15,-92.29,1.51));
#1619 = CIRCLE('',#1620,0.75);
#1620 = AXIS2_PLACEMENT_3D('',#1621,#1622,#1623);
#1621 = CARTESIAN_POINT('',(157.15,-91.54,1.51));
#1622 = DIRECTION('',(-0.,0.,-1.));
#1623 = DIRECTION('',(-0.,-1.,0.));
#1624 = FACE_BOUND('',#1625,.T.);
#1625 = EDGE_LOOP('',(#1626));
#1626 = ORIENTED_EDGE('',*,*,#1627,.T.);
#1627 = EDGE_CURVE('',#1628,#1628,#1630,.T.);
#1628 = VERTEX_POINT('',#1629);
#1629 = CARTESIAN_POINT('',(170.5,-91.09,1.51));
#1630 = CIRCLE('',#1631,0.4);
#1631 = AXIS2_PLACEMENT_3D('',#1632,#1633,#1634);
#1632 = CARTESIAN_POINT('',(170.5,-90.69,1.51));
#1633 = DIRECTION('',(-0.,0.,-1.));
#1634 = DIRECTION('',(-0.,-1.,0.));
#1635 = FACE_BOUND('',#1636,.T.);
#1636 = EDGE_LOOP('',(#1637));
#1637 = ORIENTED_EDGE('',*,*,#1638,.T.);
#1638 = EDGE_CURVE('',#1639,#1639,#1641,.T.);
#1639 = VERTEX_POINT('',#1640);
#1640 = CARTESIAN_POINT('',(163.5,-89.75,1.51));
#1641 = CIRCLE('',#1642,0.75);
#1642 = AXIS2_PLACEMENT_3D('',#1643,#1644,#1645);
#1643 = CARTESIAN_POINT('',(163.5,-89.,1.51));
#1644 = DIRECTION('',(-0.,0.,-1.));
#1645 = DIRECTION('',(-0.,-1.,0.));
#1646 = FACE_BOUND('',#1647,.T.);
#1647 = EDGE_LOOP('',(#1648));
#1648 = ORIENTED_EDGE('',*,*,#1649,.T.);
#1649 = EDGE_CURVE('',#1650,#1650,#1652,.T.);
#1650 = VERTEX_POINT('',#1651);
#1651 = CARTESIAN_POINT('',(175.,-91.58,1.51));
#1652 = CIRCLE('',#1653,0.5);
#1653 = AXIS2_PLACEMENT_3D('',#1654,#1655,#1656);
#1654 = CARTESIAN_POINT('',(175.,-91.08,1.51));
#1655 = DIRECTION('',(-0.,0.,-1.));
#1656 = DIRECTION('',(-0.,-1.,0.));
#1657 = FACE_BOUND('',#1658,.T.);
#1658 = EDGE_LOOP('',(#1659));
#1659 = ORIENTED_EDGE('',*,*,#1660,.T.);
#1660 = EDGE_CURVE('',#1661,#1661,#1663,.T.);
#1661 = VERTEX_POINT('',#1662);
#1662 = CARTESIAN_POINT('',(175.,-89.04,1.51));
#1663 = CIRCLE('',#1664,0.5);
#1664 = AXIS2_PLACEMENT_3D('',#1665,#1666,#1667);
#1665 = CARTESIAN_POINT('',(175.,-88.54,1.51));
#1666 = DIRECTION('',(-0.,0.,-1.));
#1667 = DIRECTION('',(-0.,-1.,0.));
#1668 = FACE_BOUND('',#1669,.T.);
#1669 = EDGE_LOOP('',(#1670));
#1670 = ORIENTED_EDGE('',*,*,#1671,.T.);
#1671 = EDGE_CURVE('',#1672,#1672,#1674,.T.);
#1672 = VERTEX_POINT('',#1673);
#1673 = CARTESIAN_POINT('',(190.25,-91.58,1.51));
#1674 = CIRCLE('',#1675,0.5);
#1675 = AXIS2_PLACEMENT_3D('',#1676,#1677,#1678);
#1676 = CARTESIAN_POINT('',(190.25,-91.08,1.51));
#1677 = DIRECTION('',(-0.,0.,-1.));
#1678 = DIRECTION('',(-0.,-1.,0.));
#1679 = FACE_BOUND('',#1680,.T.);
#1680 = EDGE_LOOP('',(#1681));
#1681 = ORIENTED_EDGE('',*,*,#1682,.T.);
#1682 = EDGE_CURVE('',#1683,#1683,#1685,.T.);
#1683 = VERTEX_POINT('',#1684);
#1684 = CARTESIAN_POINT('',(190.25,-89.04,1.51));
#1685 = CIRCLE('',#1686,0.5);
#1686 = AXIS2_PLACEMENT_3D('',#1687,#1688,#1689);
#1687 = CARTESIAN_POINT('',(190.25,-88.54,1.51));
#1688 = DIRECTION('',(-0.,0.,-1.));
#1689 = DIRECTION('',(-0.,-1.,0.));
#1690 = FACE_BOUND('',#1691,.T.);
#1691 = EDGE_LOOP('',(#1692));
#1692 = ORIENTED_EDGE('',*,*,#1693,.T.);
#1693 = EDGE_CURVE('',#1694,#1694,#1696,.T.);
#1694 = VERTEX_POINT('',#1695);
#1695 = CARTESIAN_POINT('',(175.,-86.5,1.51));
#1696 = CIRCLE('',#1697,0.5);
#1697 = AXIS2_PLACEMENT_3D('',#1698,#1699,#1700);
#1698 = CARTESIAN_POINT('',(175.,-86.,1.51));
#1699 = DIRECTION('',(-0.,0.,-1.));
#1700 = DIRECTION('',(-0.,-1.,0.));
#1701 = FACE_BOUND('',#1702,.T.);
#1702 = EDGE_LOOP('',(#1703));
#1703 = ORIENTED_EDGE('',*,*,#1704,.T.);
#1704 = EDGE_CURVE('',#1705,#1705,#1707,.T.);
#1705 = VERTEX_POINT('',#1706);
#1706 = CARTESIAN_POINT('',(190.25,-86.5,1.51));
#1707 = CIRCLE('',#1708,0.5);
#1708 = AXIS2_PLACEMENT_3D('',#1709,#1710,#1711);
#1709 = CARTESIAN_POINT('',(190.25,-86.,1.51));
#1710 = DIRECTION('',(-0.,0.,-1.));
#1711 = DIRECTION('',(-0.,-1.,0.));
#1712 = FACE_BOUND('',#1713,.T.);
#1713 = EDGE_LOOP('',(#1714));
#1714 = ORIENTED_EDGE('',*,*,#1715,.T.);
#1715 = EDGE_CURVE('',#1716,#1716,#1718,.T.);
#1716 = VERTEX_POINT('',#1717);
#1717 = CARTESIAN_POINT('',(132.5,-78.71,1.51));
#1718 = CIRCLE('',#1719,0.4);
#1719 = AXIS2_PLACEMENT_3D('',#1720,#1721,#1722);
#1720 = CARTESIAN_POINT('',(132.5,-78.31,1.51));
#1721 = DIRECTION('',(-0.,0.,-1.));
#1722 = DIRECTION('',(-0.,-1.,0.));
#1723 = FACE_BOUND('',#1724,.T.);
#1724 = EDGE_LOOP('',(#1725));
#1725 = ORIENTED_EDGE('',*,*,#1726,.T.);
#1726 = EDGE_CURVE('',#1727,#1727,#1729,.T.);
#1727 = VERTEX_POINT('',#1728);
#1728 = CARTESIAN_POINT('',(151.5,-78.71,1.51));
#1729 = CIRCLE('',#1730,0.4);
#1730 = AXIS2_PLACEMENT_3D('',#1731,#1732,#1733);
#1731 = CARTESIAN_POINT('',(151.5,-78.31,1.51));
#1732 = DIRECTION('',(-0.,0.,-1.));
#1733 = DIRECTION('',(-0.,-1.,0.));
#1734 = FACE_BOUND('',#1735,.T.);
#1735 = EDGE_LOOP('',(#1736));
#1736 = ORIENTED_EDGE('',*,*,#1737,.T.);
#1737 = EDGE_CURVE('',#1738,#1738,#1740,.T.);
#1738 = VERTEX_POINT('',#1739);
#1739 = CARTESIAN_POINT('',(117.84,-75.85,1.51));
#1740 = CIRCLE('',#1741,0.85);
#1741 = AXIS2_PLACEMENT_3D('',#1742,#1743,#1744);
#1742 = CARTESIAN_POINT('',(117.84,-75.,1.51));
#1743 = DIRECTION('',(-0.,0.,-1.));
#1744 = DIRECTION('',(-0.,-1.,0.));
#1745 = FACE_BOUND('',#1746,.T.);
#1746 = EDGE_LOOP('',(#1747));
#1747 = ORIENTED_EDGE('',*,*,#1748,.T.);
#1748 = EDGE_CURVE('',#1749,#1749,#1751,.T.);
#1749 = VERTEX_POINT('',#1750);
#1750 = CARTESIAN_POINT('',(122.92,-77.,1.51));
#1751 = CIRCLE('',#1752,2.);
#1752 = AXIS2_PLACEMENT_3D('',#1753,#1754,#1755);
#1753 = CARTESIAN_POINT('',(122.92,-75.,1.51));
#1754 = DIRECTION('',(-0.,0.,-1.));
#1755 = DIRECTION('',(-0.,-1.,0.));
#1756 = FACE_BOUND('',#1757,.T.);
#1757 = EDGE_LOOP('',(#1758));
#1758 = ORIENTED_EDGE('',*,*,#1759,.T.);
#1759 = EDGE_CURVE('',#1760,#1760,#1762,.T.);
#1760 = VERTEX_POINT('',#1761);
#1761 = CARTESIAN_POINT('',(119.11,-73.21,1.51));
#1762 = CIRCLE('',#1763,0.75);
#1763 = AXIS2_PLACEMENT_3D('',#1764,#1765,#1766);
#1764 = CARTESIAN_POINT('',(119.11,-72.46,1.51));
#1765 = DIRECTION('',(-0.,0.,-1.));
#1766 = DIRECTION('',(-0.,-1.,0.));
#1767 = FACE_BOUND('',#1768,.T.);
#1768 = EDGE_LOOP('',(#1769));
#1769 = ORIENTED_EDGE('',*,*,#1770,.T.);
#1770 = EDGE_CURVE('',#1771,#1771,#1773,.T.);
#1771 = VERTEX_POINT('',#1772);
#1772 = CARTESIAN_POINT('',(128.,-75.85,1.51));
#1773 = CIRCLE('',#1774,0.85);
#1774 = AXIS2_PLACEMENT_3D('',#1775,#1776,#1777);
#1775 = CARTESIAN_POINT('',(128.,-75.,1.51));
#1776 = DIRECTION('',(-0.,0.,-1.));
#1777 = DIRECTION('',(-0.,-1.,0.));
#1778 = FACE_BOUND('',#1779,.T.);
#1779 = EDGE_LOOP('',(#1780));
#1780 = ORIENTED_EDGE('',*,*,#1781,.T.);
#1781 = EDGE_CURVE('',#1782,#1782,#1784,.T.);
#1782 = VERTEX_POINT('',#1783);
#1783 = CARTESIAN_POINT('',(132.5,-71.09,1.51));
#1784 = CIRCLE('',#1785,0.4);
#1785 = AXIS2_PLACEMENT_3D('',#1786,#1787,#1788);
#1786 = CARTESIAN_POINT('',(132.5,-70.69,1.51));
#1787 = DIRECTION('',(-0.,0.,-1.));
#1788 = DIRECTION('',(-0.,-1.,0.));
#1789 = FACE_BOUND('',#1790,.T.);
#1790 = EDGE_LOOP('',(#1791));
#1791 = ORIENTED_EDGE('',*,*,#1792,.T.);
#1792 = EDGE_CURVE('',#1793,#1793,#1795,.T.);
#1793 = VERTEX_POINT('',#1794);
#1794 = CARTESIAN_POINT('',(125.46,-70.67,1.51));
#1795 = CIRCLE('',#1796,0.75);
#1796 = AXIS2_PLACEMENT_3D('',#1797,#1798,#1799);
#1797 = CARTESIAN_POINT('',(125.46,-69.92,1.51));
#1798 = DIRECTION('',(-0.,0.,-1.));
#1799 = DIRECTION('',(-0.,-1.,0.));
#1800 = FACE_BOUND('',#1801,.T.);
#1801 = EDGE_LOOP('',(#1802));
#1802 = ORIENTED_EDGE('',*,*,#1803,.T.);
#1803 = EDGE_CURVE('',#1804,#1804,#1806,.T.);
#1804 = VERTEX_POINT('',#1805);
#1805 = CARTESIAN_POINT('',(137.,-75.85,1.51));
#1806 = CIRCLE('',#1807,0.85);
#1807 = AXIS2_PLACEMENT_3D('',#1808,#1809,#1810);
#1808 = CARTESIAN_POINT('',(137.,-75.,1.51));
#1809 = DIRECTION('',(-0.,0.,-1.));
#1810 = DIRECTION('',(-0.,-1.,0.));
#1811 = FACE_BOUND('',#1812,.T.);
#1812 = EDGE_LOOP('',(#1813));
#1813 = ORIENTED_EDGE('',*,*,#1814,.T.);
#1814 = EDGE_CURVE('',#1815,#1815,#1817,.T.);
#1815 = VERTEX_POINT('',#1816);
#1816 = CARTESIAN_POINT('',(142.08,-77.,1.51));
#1817 = CIRCLE('',#1818,2.);
#1818 = AXIS2_PLACEMENT_3D('',#1819,#1820,#1821);
#1819 = CARTESIAN_POINT('',(142.08,-75.,1.51));
#1820 = DIRECTION('',(-0.,0.,-1.));
#1821 = DIRECTION('',(-0.,-1.,0.));
#1822 = FACE_BOUND('',#1823,.T.);
#1823 = EDGE_LOOP('',(#1824));
#1824 = ORIENTED_EDGE('',*,*,#1825,.T.);
#1825 = EDGE_CURVE('',#1826,#1826,#1828,.T.);
#1826 = VERTEX_POINT('',#1827);
#1827 = CARTESIAN_POINT('',(138.27,-73.21,1.51));
#1828 = CIRCLE('',#1829,0.75);
#1829 = AXIS2_PLACEMENT_3D('',#1830,#1831,#1832);
#1830 = CARTESIAN_POINT('',(138.27,-72.46,1.51));
#1831 = DIRECTION('',(-0.,0.,-1.));
#1832 = DIRECTION('',(-0.,-1.,0.));
#1833 = FACE_BOUND('',#1834,.T.);
#1834 = EDGE_LOOP('',(#1835));
#1835 = ORIENTED_EDGE('',*,*,#1836,.T.);
#1836 = EDGE_CURVE('',#1837,#1837,#1839,.T.);
#1837 = VERTEX_POINT('',#1838);
#1838 = CARTESIAN_POINT('',(147.16,-75.85,1.51));
#1839 = CIRCLE('',#1840,0.85);
#1840 = AXIS2_PLACEMENT_3D('',#1841,#1842,#1843);
#1841 = CARTESIAN_POINT('',(147.16,-75.,1.51));
#1842 = DIRECTION('',(-0.,0.,-1.));
#1843 = DIRECTION('',(-0.,-1.,0.));
#1844 = FACE_BOUND('',#1845,.T.);
#1845 = EDGE_LOOP('',(#1846));
#1846 = ORIENTED_EDGE('',*,*,#1847,.T.);
#1847 = EDGE_CURVE('',#1848,#1848,#1850,.T.);
#1848 = VERTEX_POINT('',#1849);
#1849 = CARTESIAN_POINT('',(151.5,-71.09,1.51));
#1850 = CIRCLE('',#1851,0.4);
#1851 = AXIS2_PLACEMENT_3D('',#1852,#1853,#1854);
#1852 = CARTESIAN_POINT('',(151.5,-70.69,1.51));
#1853 = DIRECTION('',(-0.,0.,-1.));
#1854 = DIRECTION('',(-0.,-1.,0.));
#1855 = FACE_BOUND('',#1856,.T.);
#1856 = EDGE_LOOP('',(#1857));
#1857 = ORIENTED_EDGE('',*,*,#1858,.T.);
#1858 = EDGE_CURVE('',#1859,#1859,#1861,.T.);
#1859 = VERTEX_POINT('',#1860);
#1860 = CARTESIAN_POINT('',(144.62,-70.67,1.51));
#1861 = CIRCLE('',#1862,0.75);
#1862 = AXIS2_PLACEMENT_3D('',#1863,#1864,#1865);
#1863 = CARTESIAN_POINT('',(144.62,-69.92,1.51));
#1864 = DIRECTION('',(-0.,0.,-1.));
#1865 = DIRECTION('',(-0.,-1.,0.));
#1866 = FACE_BOUND('',#1867,.T.);
#1867 = EDGE_LOOP('',(#1868));
#1868 = ORIENTED_EDGE('',*,*,#1869,.T.);
#1869 = EDGE_CURVE('',#1870,#1870,#1872,.T.);
#1870 = VERTEX_POINT('',#1871);
#1871 = CARTESIAN_POINT('',(170.5,-78.71,1.51));
#1872 = CIRCLE('',#1873,0.4);
#1873 = AXIS2_PLACEMENT_3D('',#1874,#1875,#1876);
#1874 = CARTESIAN_POINT('',(170.5,-78.31,1.51));
#1875 = DIRECTION('',(-0.,0.,-1.));
#1876 = DIRECTION('',(-0.,-1.,0.));
#1877 = FACE_BOUND('',#1878,.T.);
#1878 = EDGE_LOOP('',(#1879,#1890,#1898,#1907));
#1879 = ORIENTED_EDGE('',*,*,#1880,.T.);
#1880 = EDGE_CURVE('',#1881,#1883,#1885,.T.);
#1881 = VERTEX_POINT('',#1882);
#1882 = CARTESIAN_POINT('',(183.15,-77.35,1.51));
#1883 = VERTEX_POINT('',#1884);
#1884 = CARTESIAN_POINT('',(183.15,-78.85,1.51));
#1885 = CIRCLE('',#1886,0.75);
#1886 = AXIS2_PLACEMENT_3D('',#1887,#1888,#1889);
#1887 = CARTESIAN_POINT('',(183.15,-78.1,1.51));
#1888 = DIRECTION('',(-0.,0.,-1.));
#1889 = DIRECTION('',(-0.,-1.,0.));
#1890 = ORIENTED_EDGE('',*,*,#1891,.T.);
#1891 = EDGE_CURVE('',#1883,#1892,#1894,.T.);
#1892 = VERTEX_POINT('',#1893);
#1893 = CARTESIAN_POINT('',(181.85,-78.85,1.51));
#1894 = LINE('',#1895,#1896);
#1895 = CARTESIAN_POINT('',(90.925,-78.85,1.51));
#1896 = VECTOR('',#1897,1.);
#1897 = DIRECTION('',(-1.,0.,0.));
#1898 = ORIENTED_EDGE('',*,*,#1899,.T.);
#1899 = EDGE_CURVE('',#1892,#1900,#1902,.T.);
#1900 = VERTEX_POINT('',#1901);
#1901 = CARTESIAN_POINT('',(181.85,-77.35,1.51));
#1902 = CIRCLE('',#1903,0.75);
#1903 = AXIS2_PLACEMENT_3D('',#1904,#1905,#1906);
#1904 = CARTESIAN_POINT('',(181.85,-78.1,1.51));
#1905 = DIRECTION('',(-0.,0.,-1.));
#1906 = DIRECTION('',(0.,1.,0.));
#1907 = ORIENTED_EDGE('',*,*,#1908,.T.);
#1908 = EDGE_CURVE('',#1900,#1881,#1909,.T.);
#1909 = LINE('',#1910,#1911);
#1910 = CARTESIAN_POINT('',(91.575,-77.35,1.51));
#1911 = VECTOR('',#1912,1.);
#1912 = DIRECTION('',(1.,0.,-0.));
#1913 = FACE_BOUND('',#1914,.T.);
#1914 = EDGE_LOOP('',(#1915));
#1915 = ORIENTED_EDGE('',*,*,#1916,.T.);
#1916 = EDGE_CURVE('',#1917,#1917,#1919,.T.);
#1917 = VERTEX_POINT('',#1918);
#1918 = CARTESIAN_POINT('',(155.84,-75.85,1.51));
#1919 = CIRCLE('',#1920,0.85);
#1920 = AXIS2_PLACEMENT_3D('',#1921,#1922,#1923);
#1921 = CARTESIAN_POINT('',(155.84,-75.,1.51));
#1922 = DIRECTION('',(-0.,0.,-1.));
#1923 = DIRECTION('',(-0.,-1.,0.));
#1924 = FACE_BOUND('',#1925,.T.);
#1925 = EDGE_LOOP('',(#1926));
#1926 = ORIENTED_EDGE('',*,*,#1927,.T.);
#1927 = EDGE_CURVE('',#1928,#1928,#1930,.T.);
#1928 = VERTEX_POINT('',#1929);
#1929 = CARTESIAN_POINT('',(160.92,-77.,1.51));
#1930 = CIRCLE('',#1931,2.);
#1931 = AXIS2_PLACEMENT_3D('',#1932,#1933,#1934);
#1932 = CARTESIAN_POINT('',(160.92,-75.,1.51));
#1933 = DIRECTION('',(-0.,0.,-1.));
#1934 = DIRECTION('',(-0.,-1.,0.));
#1935 = FACE_BOUND('',#1936,.T.);
#1936 = EDGE_LOOP('',(#1937));
#1937 = ORIENTED_EDGE('',*,*,#1938,.T.);
#1938 = EDGE_CURVE('',#1939,#1939,#1941,.T.);
#1939 = VERTEX_POINT('',#1940);
#1940 = CARTESIAN_POINT('',(157.11,-73.21,1.51));
#1941 = CIRCLE('',#1942,0.75);
#1942 = AXIS2_PLACEMENT_3D('',#1943,#1944,#1945);
#1943 = CARTESIAN_POINT('',(157.11,-72.46,1.51));
#1944 = DIRECTION('',(-0.,0.,-1.));
#1945 = DIRECTION('',(-0.,-1.,0.));
#1946 = FACE_BOUND('',#1947,.T.);
#1947 = EDGE_LOOP('',(#1948));
#1948 = ORIENTED_EDGE('',*,*,#1949,.T.);
#1949 = EDGE_CURVE('',#1950,#1950,#1952,.T.);
#1950 = VERTEX_POINT('',#1951);
#1951 = CARTESIAN_POINT('',(166.,-75.85,1.51));
#1952 = CIRCLE('',#1953,0.85);
#1953 = AXIS2_PLACEMENT_3D('',#1954,#1955,#1956);
#1954 = CARTESIAN_POINT('',(166.,-75.,1.51));
#1955 = DIRECTION('',(-0.,0.,-1.));
#1956 = DIRECTION('',(-0.,-1.,0.));
#1957 = FACE_BOUND('',#1958,.T.);
#1958 = EDGE_LOOP('',(#1959));
#1959 = ORIENTED_EDGE('',*,*,#1960,.T.);
#1960 = EDGE_CURVE('',#1961,#1961,#1963,.T.);
#1961 = VERTEX_POINT('',#1962);
#1962 = CARTESIAN_POINT('',(170.5,-71.09,1.51));
#1963 = CIRCLE('',#1964,0.4);
#1964 = AXIS2_PLACEMENT_3D('',#1965,#1966,#1967);
#1965 = CARTESIAN_POINT('',(170.5,-70.69,1.51));
#1966 = DIRECTION('',(-0.,0.,-1.));
#1967 = DIRECTION('',(-0.,-1.,0.));
#1968 = FACE_BOUND('',#1969,.T.);
#1969 = EDGE_LOOP('',(#1970));
#1970 = ORIENTED_EDGE('',*,*,#1971,.T.);
#1971 = EDGE_CURVE('',#1972,#1972,#1974,.T.);
#1972 = VERTEX_POINT('',#1973);
#1973 = CARTESIAN_POINT('',(163.46,-70.67,1.51));
#1974 = CIRCLE('',#1975,0.75);
#1975 = AXIS2_PLACEMENT_3D('',#1976,#1977,#1978);
#1976 = CARTESIAN_POINT('',(163.46,-69.92,1.51));
#1977 = DIRECTION('',(-0.,0.,-1.));
#1978 = DIRECTION('',(-0.,-1.,0.));
#1979 = FACE_BOUND('',#1980,.T.);
#1980 = EDGE_LOOP('',(#1981));
#1981 = ORIENTED_EDGE('',*,*,#1982,.T.);
#1982 = EDGE_CURVE('',#1983,#1983,#1985,.T.);
#1983 = VERTEX_POINT('',#1984);
#1984 = CARTESIAN_POINT('',(175.,-75.5,1.51));
#1985 = CIRCLE('',#1986,0.5);
#1986 = AXIS2_PLACEMENT_3D('',#1987,#1988,#1989);
#1987 = CARTESIAN_POINT('',(175.,-75.,1.51));
#1988 = DIRECTION('',(-0.,0.,-1.));
#1989 = DIRECTION('',(-0.,-1.,0.));
#1990 = FACE_BOUND('',#1991,.T.);
#1991 = EDGE_LOOP('',(#1992));
#1992 = ORIENTED_EDGE('',*,*,#1993,.T.);
#1993 = EDGE_CURVE('',#1994,#1994,#1996,.T.);
#1994 = VERTEX_POINT('',#1995);
#1995 = CARTESIAN_POINT('',(175.,-73.,1.51));
#1996 = CIRCLE('',#1997,0.5);
#1997 = AXIS2_PLACEMENT_3D('',#1998,#1999,#2000);
#1998 = CARTESIAN_POINT('',(175.,-72.5,1.51));
#1999 = DIRECTION('',(-0.,0.,-1.));
#2000 = DIRECTION('',(-0.,-1.,0.));
#2001 = FACE_BOUND('',#2002,.T.);
#2002 = EDGE_LOOP('',(#2003));
#2003 = ORIENTED_EDGE('',*,*,#2004,.T.);
#2004 = EDGE_CURVE('',#2005,#2005,#2007,.T.);
#2005 = VERTEX_POINT('',#2006);
#2006 = CARTESIAN_POINT('',(189.5,-75.5,1.51));
#2007 = CIRCLE('',#2008,0.5);
#2008 = AXIS2_PLACEMENT_3D('',#2009,#2010,#2011);
#2009 = CARTESIAN_POINT('',(189.5,-75.,1.51));
#2010 = DIRECTION('',(-0.,0.,-1.));
#2011 = DIRECTION('',(-0.,-1.,0.));
#2012 = FACE_BOUND('',#2013,.T.);
#2013 = EDGE_LOOP('',(#2014));
#2014 = ORIENTED_EDGE('',*,*,#2015,.T.);
#2015 = EDGE_CURVE('',#2016,#2016,#2018,.T.);
#2016 = VERTEX_POINT('',#2017);
#2017 = CARTESIAN_POINT('',(175.,-70.5,1.51));
#2018 = CIRCLE('',#2019,0.5);
#2019 = AXIS2_PLACEMENT_3D('',#2020,#2021,#2022);
#2020 = CARTESIAN_POINT('',(175.,-70.,1.51));
#2021 = DIRECTION('',(-0.,0.,-1.));
#2022 = DIRECTION('',(-0.,-1.,0.));
#2023 = FACE_BOUND('',#2024,.T.);
#2024 = EDGE_LOOP('',(#2025));
#2025 = ORIENTED_EDGE('',*,*,#2026,.T.);
#2026 = EDGE_CURVE('',#2027,#2027,#2029,.T.);
#2027 = VERTEX_POINT('',#2028);
#2028 = CARTESIAN_POINT('',(189.5,-70.5,1.51));
#2029 = CIRCLE('',#2030,0.5);
#2030 = AXIS2_PLACEMENT_3D('',#2031,#2032,#2033);
#2031 = CARTESIAN_POINT('',(189.5,-70.,1.51));
#2032 = DIRECTION('',(-0.,0.,-1.));
#2033 = DIRECTION('',(-0.,-1.,0.));
#2034 = FACE_BOUND('',#2035,.T.);
#2035 = EDGE_LOOP('',(#2036,#2047,#2055,#2064));
#2036 = ORIENTED_EDGE('',*,*,#2037,.T.);
#2037 = EDGE_CURVE('',#2038,#2040,#2042,.T.);
#2038 = VERTEX_POINT('',#2039);
#2039 = CARTESIAN_POINT('',(183.15,-66.15,1.51));
#2040 = VERTEX_POINT('',#2041);
#2041 = CARTESIAN_POINT('',(183.15,-67.65,1.51));
#2042 = CIRCLE('',#2043,0.75);
#2043 = AXIS2_PLACEMENT_3D('',#2044,#2045,#2046);
#2044 = CARTESIAN_POINT('',(183.15,-66.9,1.51));
#2045 = DIRECTION('',(-0.,0.,-1.));
#2046 = DIRECTION('',(-0.,-1.,0.));
#2047 = ORIENTED_EDGE('',*,*,#2048,.T.);
#2048 = EDGE_CURVE('',#2040,#2049,#2051,.T.);
#2049 = VERTEX_POINT('',#2050);
#2050 = CARTESIAN_POINT('',(181.85,-67.65,1.51));
#2051 = LINE('',#2052,#2053);
#2052 = CARTESIAN_POINT('',(90.925,-67.65,1.51));
#2053 = VECTOR('',#2054,1.);
#2054 = DIRECTION('',(-1.,0.,0.));
#2055 = ORIENTED_EDGE('',*,*,#2056,.T.);
#2056 = EDGE_CURVE('',#2049,#2057,#2059,.T.);
#2057 = VERTEX_POINT('',#2058);
#2058 = CARTESIAN_POINT('',(181.85,-66.15,1.51));
#2059 = CIRCLE('',#2060,0.75);
#2060 = AXIS2_PLACEMENT_3D('',#2061,#2062,#2063);
#2061 = CARTESIAN_POINT('',(181.85,-66.9,1.51));
#2062 = DIRECTION('',(-0.,0.,-1.));
#2063 = DIRECTION('',(0.,1.,0.));
#2064 = ORIENTED_EDGE('',*,*,#2065,.T.);
#2065 = EDGE_CURVE('',#2057,#2038,#2066,.T.);
#2066 = LINE('',#2067,#2068);
#2067 = CARTESIAN_POINT('',(91.575,-66.15,1.51));
#2068 = VECTOR('',#2069,1.);
#2069 = DIRECTION('',(1.,0.,-0.));
#2070 = PLANE('',#2071);
#2071 = AXIS2_PLACEMENT_3D('',#2072,#2073,#2074);
#2072 = CARTESIAN_POINT('',(0.,0.,1.51));
#2073 = DIRECTION('',(0.,0.,1.));
#2074 = DIRECTION('',(1.,0.,-0.));
#2075 = ADVANCED_FACE('',(#2076),#2082,.T.);
#2076 = FACE_BOUND('',#2077,.T.);
#2077 = EDGE_LOOP('',(#2078,#2079,#2080,#2081));
#2078 = ORIENTED_EDGE('',*,*,#537,.T.);
#2079 = ORIENTED_EDGE('',*,*,#1321,.T.);
#2080 = ORIENTED_EDGE('',*,*,#497,.F.);
#2081 = ORIENTED_EDGE('',*,*,#561,.F.);
#2082 = PLANE('',#2083);
#2083 = AXIS2_PLACEMENT_3D('',#2084,#2085,#2086);
#2084 = CARTESIAN_POINT('',(111.,-63.,0.));
#2085 = DIRECTION('',(0.,1.,0.));
#2086 = DIRECTION('',(1.,0.,0.));
#2087 = ADVANCED_FACE('',(#2088),#2099,.F.);
#2088 = FACE_BOUND('',#2089,.T.);
#2089 = EDGE_LOOP('',(#2090,#2091,#2097,#2098));
#2090 = ORIENTED_EDGE('',*,*,#570,.T.);
#2091 = ORIENTED_EDGE('',*,*,#2092,.T.);
#2092 = EDGE_CURVE('',#571,#1331,#2093,.T.);
#2093 = LINE('',#2094,#2095);
#2094 = CARTESIAN_POINT('',(132.5,-98.71,-4.6E-02));
#2095 = VECTOR('',#2096,1.);
#2096 = DIRECTION('',(0.,0.,1.));
#2097 = ORIENTED_EDGE('',*,*,#1330,.F.);
#2098 = ORIENTED_EDGE('',*,*,#2092,.F.);
#2099 = CYLINDRICAL_SURFACE('',#2100,0.4);
#2100 = AXIS2_PLACEMENT_3D('',#2101,#2102,#2103);
#2101 = CARTESIAN_POINT('',(132.5,-98.31,-4.6E-02));
#2102 = DIRECTION('',(-0.,-0.,-1.));
#2103 = DIRECTION('',(-0.,-1.,0.));
#2104 = ADVANCED_FACE('',(#2105),#2116,.F.);
#2105 = FACE_BOUND('',#2106,.T.);
#2106 = EDGE_LOOP('',(#2107,#2108,#2114,#2115));
#2107 = ORIENTED_EDGE('',*,*,#581,.T.);
#2108 = ORIENTED_EDGE('',*,*,#2109,.T.);
#2109 = EDGE_CURVE('',#582,#1342,#2110,.T.);
#2110 = LINE('',#2111,#2112);
#2111 = CARTESIAN_POINT('',(117.84,-94.85,-4.6E-02));
#2112 = VECTOR('',#2113,1.);
#2113 = DIRECTION('',(0.,0.,1.));
#2114 = ORIENTED_EDGE('',*,*,#1341,.F.);
#2115 = ORIENTED_EDGE('',*,*,#2109,.F.);
#2116 = CYLINDRICAL_SURFACE('',#2117,0.85);
#2117 = AXIS2_PLACEMENT_3D('',#2118,#2119,#2120);
#2118 = CARTESIAN_POINT('',(117.84,-94.,-4.6E-02));
#2119 = DIRECTION('',(-0.,-0.,-1.));
#2120 = DIRECTION('',(-0.,-1.,0.));
#2121 = ADVANCED_FACE('',(#2122),#2133,.F.);
#2122 = FACE_BOUND('',#2123,.T.);
#2123 = EDGE_LOOP('',(#2124,#2125,#2131,#2132));
#2124 = ORIENTED_EDGE('',*,*,#592,.T.);
#2125 = ORIENTED_EDGE('',*,*,#2126,.T.);
#2126 = EDGE_CURVE('',#593,#1353,#2127,.T.);
#2127 = LINE('',#2128,#2129);
#2128 = CARTESIAN_POINT('',(122.92,-96.,-4.6E-02));
#2129 = VECTOR('',#2130,1.);
#2130 = DIRECTION('',(0.,0.,1.));
#2131 = ORIENTED_EDGE('',*,*,#1352,.F.);
#2132 = ORIENTED_EDGE('',*,*,#2126,.F.);
#2133 = CYLINDRICAL_SURFACE('',#2134,2.);
#2134 = AXIS2_PLACEMENT_3D('',#2135,#2136,#2137);
#2135 = CARTESIAN_POINT('',(122.92,-94.,-4.6E-02));
#2136 = DIRECTION('',(-0.,-0.,-1.));
#2137 = DIRECTION('',(-0.,-1.,0.));
#2138 = ADVANCED_FACE('',(#2139),#2150,.F.);
#2139 = FACE_BOUND('',#2140,.T.);
#2140 = EDGE_LOOP('',(#2141,#2142,#2148,#2149));
#2141 = ORIENTED_EDGE('',*,*,#603,.T.);
#2142 = ORIENTED_EDGE('',*,*,#2143,.T.);
#2143 = EDGE_CURVE('',#604,#1364,#2144,.T.);
#2144 = LINE('',#2145,#2146);
#2145 = CARTESIAN_POINT('',(128.,-94.85,-4.6E-02));
#2146 = VECTOR('',#2147,1.);
#2147 = DIRECTION('',(0.,0.,1.));
#2148 = ORIENTED_EDGE('',*,*,#1363,.F.);
#2149 = ORIENTED_EDGE('',*,*,#2143,.F.);
#2150 = CYLINDRICAL_SURFACE('',#2151,0.85);
#2151 = AXIS2_PLACEMENT_3D('',#2152,#2153,#2154);
#2152 = CARTESIAN_POINT('',(128.,-94.,-4.6E-02));
#2153 = DIRECTION('',(-0.,-0.,-1.));
#2154 = DIRECTION('',(-0.,-1.,0.));
#2155 = ADVANCED_FACE('',(#2156),#2167,.F.);
#2156 = FACE_BOUND('',#2157,.T.);
#2157 = EDGE_LOOP('',(#2158,#2159,#2165,#2166));
#2158 = ORIENTED_EDGE('',*,*,#614,.T.);
#2159 = ORIENTED_EDGE('',*,*,#2160,.T.);
#2160 = EDGE_CURVE('',#615,#1375,#2161,.T.);
#2161 = LINE('',#2162,#2163);
#2162 = CARTESIAN_POINT('',(151.5,-98.71,-4.6E-02));
#2163 = VECTOR('',#2164,1.);
#2164 = DIRECTION('',(0.,0.,1.));
#2165 = ORIENTED_EDGE('',*,*,#1374,.F.);
#2166 = ORIENTED_EDGE('',*,*,#2160,.F.);
#2167 = CYLINDRICAL_SURFACE('',#2168,0.4);
#2168 = AXIS2_PLACEMENT_3D('',#2169,#2170,#2171);
#2169 = CARTESIAN_POINT('',(151.5,-98.31,-4.6E-02));
#2170 = DIRECTION('',(-0.,-0.,-1.));
#2171 = DIRECTION('',(-0.,-1.,0.));
#2172 = ADVANCED_FACE('',(#2173),#2184,.F.);
#2173 = FACE_BOUND('',#2174,.T.);
#2174 = EDGE_LOOP('',(#2175,#2176,#2182,#2183));
#2175 = ORIENTED_EDGE('',*,*,#625,.T.);
#2176 = ORIENTED_EDGE('',*,*,#2177,.T.);
#2177 = EDGE_CURVE('',#626,#1386,#2178,.T.);
#2178 = LINE('',#2179,#2180);
#2179 = CARTESIAN_POINT('',(137.,-94.85,-4.6E-02));
#2180 = VECTOR('',#2181,1.);
#2181 = DIRECTION('',(0.,0.,1.));
#2182 = ORIENTED_EDGE('',*,*,#1385,.F.);
#2183 = ORIENTED_EDGE('',*,*,#2177,.F.);
#2184 = CYLINDRICAL_SURFACE('',#2185,0.85);
#2185 = AXIS2_PLACEMENT_3D('',#2186,#2187,#2188);
#2186 = CARTESIAN_POINT('',(137.,-94.,-4.6E-02));
#2187 = DIRECTION('',(-0.,-0.,-1.));
#2188 = DIRECTION('',(-0.,-1.,0.));
#2189 = ADVANCED_FACE('',(#2190),#2201,.F.);
#2190 = FACE_BOUND('',#2191,.T.);
#2191 = EDGE_LOOP('',(#2192,#2193,#2199,#2200));
#2192 = ORIENTED_EDGE('',*,*,#636,.T.);
#2193 = ORIENTED_EDGE('',*,*,#2194,.T.);
#2194 = EDGE_CURVE('',#637,#1397,#2195,.T.);
#2195 = LINE('',#2196,#2197);
#2196 = CARTESIAN_POINT('',(142.08,-96.,-4.6E-02));
#2197 = VECTOR('',#2198,1.);
#2198 = DIRECTION('',(0.,0.,1.));
#2199 = ORIENTED_EDGE('',*,*,#1396,.F.);
#2200 = ORIENTED_EDGE('',*,*,#2194,.F.);
#2201 = CYLINDRICAL_SURFACE('',#2202,2.);
#2202 = AXIS2_PLACEMENT_3D('',#2203,#2204,#2205);
#2203 = CARTESIAN_POINT('',(142.08,-94.,-4.6E-02));
#2204 = DIRECTION('',(-0.,-0.,-1.));
#2205 = DIRECTION('',(-0.,-1.,0.));
#2206 = ADVANCED_FACE('',(#2207),#2218,.F.);
#2207 = FACE_BOUND('',#2208,.T.);
#2208 = EDGE_LOOP('',(#2209,#2210,#2216,#2217));
#2209 = ORIENTED_EDGE('',*,*,#647,.T.);
#2210 = ORIENTED_EDGE('',*,*,#2211,.T.);
#2211 = EDGE_CURVE('',#648,#1408,#2212,.T.);
#2212 = LINE('',#2213,#2214);
#2213 = CARTESIAN_POINT('',(147.16,-94.85,-4.6E-02));
#2214 = VECTOR('',#2215,1.);
#2215 = DIRECTION('',(0.,0.,1.));
#2216 = ORIENTED_EDGE('',*,*,#1407,.F.);
#2217 = ORIENTED_EDGE('',*,*,#2211,.F.);
#2218 = CYLINDRICAL_SURFACE('',#2219,0.85);
#2219 = AXIS2_PLACEMENT_3D('',#2220,#2221,#2222);
#2220 = CARTESIAN_POINT('',(147.16,-94.,-4.6E-02));
#2221 = DIRECTION('',(-0.,-0.,-1.));
#2222 = DIRECTION('',(-0.,-1.,0.));
#2223 = ADVANCED_FACE('',(#2224),#2235,.F.);
#2224 = FACE_BOUND('',#2225,.T.);
#2225 = EDGE_LOOP('',(#2226,#2227,#2233,#2234));
#2226 = ORIENTED_EDGE('',*,*,#658,.T.);
#2227 = ORIENTED_EDGE('',*,*,#2228,.T.);
#2228 = EDGE_CURVE('',#659,#1419,#2229,.T.);
#2229 = LINE('',#2230,#2231);
#2230 = CARTESIAN_POINT('',(119.11,-92.21,-4.6E-02));
#2231 = VECTOR('',#2232,1.);
#2232 = DIRECTION('',(0.,0.,1.));
#2233 = ORIENTED_EDGE('',*,*,#1418,.F.);
#2234 = ORIENTED_EDGE('',*,*,#2228,.F.);
#2235 = CYLINDRICAL_SURFACE('',#2236,0.75);
#2236 = AXIS2_PLACEMENT_3D('',#2237,#2238,#2239);
#2237 = CARTESIAN_POINT('',(119.11,-91.46,-4.6E-02));
#2238 = DIRECTION('',(-0.,-0.,-1.));
#2239 = DIRECTION('',(-0.,-1.,0.));
#2240 = ADVANCED_FACE('',(#2241),#2252,.F.);
#2241 = FACE_BOUND('',#2242,.T.);
#2242 = EDGE_LOOP('',(#2243,#2244,#2250,#2251));
#2243 = ORIENTED_EDGE('',*,*,#669,.T.);
#2244 = ORIENTED_EDGE('',*,*,#2245,.T.);
#2245 = EDGE_CURVE('',#670,#1430,#2246,.T.);
#2246 = LINE('',#2247,#2248);
#2247 = CARTESIAN_POINT('',(125.46,-89.67,-4.6E-02));
#2248 = VECTOR('',#2249,1.);
#2249 = DIRECTION('',(0.,0.,1.));
#2250 = ORIENTED_EDGE('',*,*,#1429,.F.);
#2251 = ORIENTED_EDGE('',*,*,#2245,.F.);
#2252 = CYLINDRICAL_SURFACE('',#2253,0.75);
#2253 = AXIS2_PLACEMENT_3D('',#2254,#2255,#2256);
#2254 = CARTESIAN_POINT('',(125.46,-88.92,-4.6E-02));
#2255 = DIRECTION('',(-0.,-0.,-1.));
#2256 = DIRECTION('',(-0.,-1.,0.));
#2257 = ADVANCED_FACE('',(#2258),#2269,.F.);
#2258 = FACE_BOUND('',#2259,.T.);
#2259 = EDGE_LOOP('',(#2260,#2261,#2267,#2268));
#2260 = ORIENTED_EDGE('',*,*,#680,.T.);
#2261 = ORIENTED_EDGE('',*,*,#2262,.T.);
#2262 = EDGE_CURVE('',#681,#1441,#2263,.T.);
#2263 = LINE('',#2264,#2265);
#2264 = CARTESIAN_POINT('',(132.5,-91.09,-4.6E-02));
#2265 = VECTOR('',#2266,1.);
#2266 = DIRECTION('',(0.,0.,1.));
#2267 = ORIENTED_EDGE('',*,*,#1440,.F.);
#2268 = ORIENTED_EDGE('',*,*,#2262,.F.);
#2269 = CYLINDRICAL_SURFACE('',#2270,0.4);
#2270 = AXIS2_PLACEMENT_3D('',#2271,#2272,#2273);
#2271 = CARTESIAN_POINT('',(132.5,-90.69,-4.6E-02));
#2272 = DIRECTION('',(-0.,-0.,-1.));
#2273 = DIRECTION('',(-0.,-1.,0.));
#2274 = ADVANCED_FACE('',(#2275),#2286,.F.);
#2275 = FACE_BOUND('',#2276,.T.);
#2276 = EDGE_LOOP('',(#2277,#2278,#2284,#2285));
#2277 = ORIENTED_EDGE('',*,*,#691,.T.);
#2278 = ORIENTED_EDGE('',*,*,#2279,.T.);
#2279 = EDGE_CURVE('',#692,#1452,#2280,.T.);
#2280 = LINE('',#2281,#2282);
#2281 = CARTESIAN_POINT('',(138.27,-92.21,-4.6E-02));
#2282 = VECTOR('',#2283,1.);
#2283 = DIRECTION('',(0.,0.,1.));
#2284 = ORIENTED_EDGE('',*,*,#1451,.F.);
#2285 = ORIENTED_EDGE('',*,*,#2279,.F.);
#2286 = CYLINDRICAL_SURFACE('',#2287,0.75);
#2287 = AXIS2_PLACEMENT_3D('',#2288,#2289,#2290);
#2288 = CARTESIAN_POINT('',(138.27,-91.46,-4.6E-02));
#2289 = DIRECTION('',(-0.,-0.,-1.));
#2290 = DIRECTION('',(-0.,-1.,0.));
#2291 = ADVANCED_FACE('',(#2292),#2303,.F.);
#2292 = FACE_BOUND('',#2293,.T.);
#2293 = EDGE_LOOP('',(#2294,#2295,#2301,#2302));
#2294 = ORIENTED_EDGE('',*,*,#702,.T.);
#2295 = ORIENTED_EDGE('',*,*,#2296,.T.);
#2296 = EDGE_CURVE('',#703,#1463,#2297,.T.);
#2297 = LINE('',#2298,#2299);
#2298 = CARTESIAN_POINT('',(144.62,-89.67,-4.6E-02));
#2299 = VECTOR('',#2300,1.);
#2300 = DIRECTION('',(0.,0.,1.));
#2301 = ORIENTED_EDGE('',*,*,#1462,.F.);
#2302 = ORIENTED_EDGE('',*,*,#2296,.F.);
#2303 = CYLINDRICAL_SURFACE('',#2304,0.75);
#2304 = AXIS2_PLACEMENT_3D('',#2305,#2306,#2307);
#2305 = CARTESIAN_POINT('',(144.62,-88.92,-4.6E-02));
#2306 = DIRECTION('',(-0.,-0.,-1.));
#2307 = DIRECTION('',(-0.,-1.,0.));
#2308 = ADVANCED_FACE('',(#2309),#2320,.F.);
#2309 = FACE_BOUND('',#2310,.T.);
#2310 = EDGE_LOOP('',(#2311,#2312,#2318,#2319));
#2311 = ORIENTED_EDGE('',*,*,#713,.T.);
#2312 = ORIENTED_EDGE('',*,*,#2313,.T.);
#2313 = EDGE_CURVE('',#714,#1474,#2314,.T.);
#2314 = LINE('',#2315,#2316);
#2315 = CARTESIAN_POINT('',(151.5,-91.09,-4.6E-02));
#2316 = VECTOR('',#2317,1.);
#2317 = DIRECTION('',(0.,0.,1.));
#2318 = ORIENTED_EDGE('',*,*,#1473,.F.);
#2319 = ORIENTED_EDGE('',*,*,#2313,.F.);
#2320 = CYLINDRICAL_SURFACE('',#2321,0.4);
#2321 = AXIS2_PLACEMENT_3D('',#2322,#2323,#2324);
#2322 = CARTESIAN_POINT('',(151.5,-90.69,-4.6E-02));
#2323 = DIRECTION('',(-0.,-0.,-1.));
#2324 = DIRECTION('',(-0.,-1.,0.));
#2325 = ADVANCED_FACE('',(#2326),#2337,.F.);
#2326 = FACE_BOUND('',#2327,.T.);
#2327 = EDGE_LOOP('',(#2328,#2329,#2335,#2336));
#2328 = ORIENTED_EDGE('',*,*,#724,.T.);
#2329 = ORIENTED_EDGE('',*,*,#2330,.T.);
#2330 = EDGE_CURVE('',#725,#1485,#2331,.T.);
#2331 = LINE('',#2332,#2333);
#2332 = CARTESIAN_POINT('',(170.5,-98.71,-4.6E-02));
#2333 = VECTOR('',#2334,1.);
#2334 = DIRECTION('',(0.,0.,1.));
#2335 = ORIENTED_EDGE('',*,*,#1484,.F.);
#2336 = ORIENTED_EDGE('',*,*,#2330,.F.);
#2337 = CYLINDRICAL_SURFACE('',#2338,0.4);
#2338 = AXIS2_PLACEMENT_3D('',#2339,#2340,#2341);
#2339 = CARTESIAN_POINT('',(170.5,-98.31,-4.6E-02));
#2340 = DIRECTION('',(-0.,-0.,-1.));
#2341 = DIRECTION('',(-0.,-1.,0.));
#2342 = ADVANCED_FACE('',(#2343),#2354,.F.);
#2343 = FACE_BOUND('',#2344,.T.);
#2344 = EDGE_LOOP('',(#2345,#2346,#2352,#2353));
#2345 = ORIENTED_EDGE('',*,*,#735,.T.);
#2346 = ORIENTED_EDGE('',*,*,#2347,.T.);
#2347 = EDGE_CURVE('',#736,#1496,#2348,.T.);
#2348 = LINE('',#2349,#2350);
#2349 = CARTESIAN_POINT('',(155.88,-94.93,-4.6E-02));
#2350 = VECTOR('',#2351,1.);
#2351 = DIRECTION('',(0.,0.,1.));
#2352 = ORIENTED_EDGE('',*,*,#1495,.F.);
#2353 = ORIENTED_EDGE('',*,*,#2347,.F.);
#2354 = CYLINDRICAL_SURFACE('',#2355,0.85);
#2355 = AXIS2_PLACEMENT_3D('',#2356,#2357,#2358);
#2356 = CARTESIAN_POINT('',(155.88,-94.08,-4.6E-02));
#2357 = DIRECTION('',(-0.,-0.,-1.));
#2358 = DIRECTION('',(-0.,-1.,0.));
#2359 = ADVANCED_FACE('',(#2360),#2371,.F.);
#2360 = FACE_BOUND('',#2361,.T.);
#2361 = EDGE_LOOP('',(#2362,#2363,#2369,#2370));
#2362 = ORIENTED_EDGE('',*,*,#746,.T.);
#2363 = ORIENTED_EDGE('',*,*,#2364,.T.);
#2364 = EDGE_CURVE('',#747,#1507,#2365,.T.);
#2365 = LINE('',#2366,#2367);
#2366 = CARTESIAN_POINT('',(160.96,-96.08,-4.6E-02));
#2367 = VECTOR('',#2368,1.);
#2368 = DIRECTION('',(0.,0.,1.));
#2369 = ORIENTED_EDGE('',*,*,#1506,.F.);
#2370 = ORIENTED_EDGE('',*,*,#2364,.F.);
#2371 = CYLINDRICAL_SURFACE('',#2372,2.);
#2372 = AXIS2_PLACEMENT_3D('',#2373,#2374,#2375);
#2373 = CARTESIAN_POINT('',(160.96,-94.08,-4.6E-02));
#2374 = DIRECTION('',(-0.,-0.,-1.));
#2375 = DIRECTION('',(-0.,-1.,0.));
#2376 = ADVANCED_FACE('',(#2377),#2388,.F.);
#2377 = FACE_BOUND('',#2378,.T.);
#2378 = EDGE_LOOP('',(#2379,#2380,#2386,#2387));
#2379 = ORIENTED_EDGE('',*,*,#757,.T.);
#2380 = ORIENTED_EDGE('',*,*,#2381,.T.);
#2381 = EDGE_CURVE('',#758,#1518,#2382,.T.);
#2382 = LINE('',#2383,#2384);
#2383 = CARTESIAN_POINT('',(166.04,-94.93,-4.6E-02));
#2384 = VECTOR('',#2385,1.);
#2385 = DIRECTION('',(0.,0.,1.));
#2386 = ORIENTED_EDGE('',*,*,#1517,.F.);
#2387 = ORIENTED_EDGE('',*,*,#2381,.F.);
#2388 = CYLINDRICAL_SURFACE('',#2389,0.85);
#2389 = AXIS2_PLACEMENT_3D('',#2390,#2391,#2392);
#2390 = CARTESIAN_POINT('',(166.04,-94.08,-4.6E-02));
#2391 = DIRECTION('',(-0.,-0.,-1.));
#2392 = DIRECTION('',(-0.,-1.,0.));
#2393 = ADVANCED_FACE('',(#2394),#2405,.F.);
#2394 = FACE_BOUND('',#2395,.T.);
#2395 = EDGE_LOOP('',(#2396,#2397,#2403,#2404));
#2396 = ORIENTED_EDGE('',*,*,#768,.T.);
#2397 = ORIENTED_EDGE('',*,*,#2398,.T.);
#2398 = EDGE_CURVE('',#769,#1529,#2399,.T.);
#2399 = LINE('',#2400,#2401);
#2400 = CARTESIAN_POINT('',(175.,-101.74,-4.6E-02));
#2401 = VECTOR('',#2402,1.);
#2402 = DIRECTION('',(0.,0.,1.));
#2403 = ORIENTED_EDGE('',*,*,#1528,.F.);
#2404 = ORIENTED_EDGE('',*,*,#2398,.F.);
#2405 = CYLINDRICAL_SURFACE('',#2406,0.5);
#2406 = AXIS2_PLACEMENT_3D('',#2407,#2408,#2409);
#2407 = CARTESIAN_POINT('',(175.,-101.24,-4.6E-02));
#2408 = DIRECTION('',(-0.,-0.,-1.));
#2409 = DIRECTION('',(-0.,-1.,0.));
#2410 = ADVANCED_FACE('',(#2411),#2422,.F.);
#2411 = FACE_BOUND('',#2412,.T.);
#2412 = EDGE_LOOP('',(#2413,#2414,#2420,#2421));
#2413 = ORIENTED_EDGE('',*,*,#779,.T.);
#2414 = ORIENTED_EDGE('',*,*,#2415,.T.);
#2415 = EDGE_CURVE('',#780,#1540,#2416,.T.);
#2416 = LINE('',#2417,#2418);
#2417 = CARTESIAN_POINT('',(175.,-99.2,-4.6E-02));
#2418 = VECTOR('',#2419,1.);
#2419 = DIRECTION('',(0.,0.,1.));
#2420 = ORIENTED_EDGE('',*,*,#1539,.F.);
#2421 = ORIENTED_EDGE('',*,*,#2415,.F.);
#2422 = CYLINDRICAL_SURFACE('',#2423,0.5);
#2423 = AXIS2_PLACEMENT_3D('',#2424,#2425,#2426);
#2424 = CARTESIAN_POINT('',(175.,-98.7,-4.6E-02));
#2425 = DIRECTION('',(-0.,-0.,-1.));
#2426 = DIRECTION('',(-0.,-1.,0.));
#2427 = ADVANCED_FACE('',(#2428),#2439,.F.);
#2428 = FACE_BOUND('',#2429,.T.);
#2429 = EDGE_LOOP('',(#2430,#2431,#2437,#2438));
#2430 = ORIENTED_EDGE('',*,*,#790,.T.);
#2431 = ORIENTED_EDGE('',*,*,#2432,.T.);
#2432 = EDGE_CURVE('',#791,#1551,#2433,.T.);
#2433 = LINE('',#2434,#2435);
#2434 = CARTESIAN_POINT('',(190.25,-101.74,-4.6E-02));
#2435 = VECTOR('',#2436,1.);
#2436 = DIRECTION('',(0.,0.,1.));
#2437 = ORIENTED_EDGE('',*,*,#1550,.F.);
#2438 = ORIENTED_EDGE('',*,*,#2432,.F.);
#2439 = CYLINDRICAL_SURFACE('',#2440,0.5);
#2440 = AXIS2_PLACEMENT_3D('',#2441,#2442,#2443);
#2441 = CARTESIAN_POINT('',(190.25,-101.24,-4.6E-02));
#2442 = DIRECTION('',(-0.,-0.,-1.));
#2443 = DIRECTION('',(-0.,-1.,0.));
#2444 = ADVANCED_FACE('',(#2445),#2456,.F.);
#2445 = FACE_BOUND('',#2446,.T.);
#2446 = EDGE_LOOP('',(#2447,#2448,#2454,#2455));
#2447 = ORIENTED_EDGE('',*,*,#801,.T.);
#2448 = ORIENTED_EDGE('',*,*,#2449,.T.);
#2449 = EDGE_CURVE('',#802,#1562,#2450,.T.);
#2450 = LINE('',#2451,#2452);
#2451 = CARTESIAN_POINT('',(190.25,-99.2,-4.6E-02));
#2452 = VECTOR('',#2453,1.);
#2453 = DIRECTION('',(0.,0.,1.));
#2454 = ORIENTED_EDGE('',*,*,#1561,.F.);
#2455 = ORIENTED_EDGE('',*,*,#2449,.F.);
#2456 = CYLINDRICAL_SURFACE('',#2457,0.5);
#2457 = AXIS2_PLACEMENT_3D('',#2458,#2459,#2460);
#2458 = CARTESIAN_POINT('',(190.25,-98.7,-4.6E-02));
#2459 = DIRECTION('',(-0.,-0.,-1.));
#2460 = DIRECTION('',(-0.,-1.,0.));
#2461 = ADVANCED_FACE('',(#2462),#2473,.F.);
#2462 = FACE_BOUND('',#2463,.T.);
#2463 = EDGE_LOOP('',(#2464,#2465,#2471,#2472));
#2464 = ORIENTED_EDGE('',*,*,#812,.T.);
#2465 = ORIENTED_EDGE('',*,*,#2466,.T.);
#2466 = EDGE_CURVE('',#813,#1573,#2467,.T.);
#2467 = LINE('',#2468,#2469);
#2468 = CARTESIAN_POINT('',(175.,-96.66,-4.6E-02));
#2469 = VECTOR('',#2470,1.);
#2470 = DIRECTION('',(0.,0.,1.));
#2471 = ORIENTED_EDGE('',*,*,#1572,.F.);
#2472 = ORIENTED_EDGE('',*,*,#2466,.F.);
#2473 = CYLINDRICAL_SURFACE('',#2474,0.5);
#2474 = AXIS2_PLACEMENT_3D('',#2475,#2476,#2477);
#2475 = CARTESIAN_POINT('',(175.,-96.16,-4.6E-02));
#2476 = DIRECTION('',(-0.,-0.,-1.));
#2477 = DIRECTION('',(-0.,-1.,0.));
#2478 = ADVANCED_FACE('',(#2479),#2490,.F.);
#2479 = FACE_BOUND('',#2480,.T.);
#2480 = EDGE_LOOP('',(#2481,#2482,#2488,#2489));
#2481 = ORIENTED_EDGE('',*,*,#823,.T.);
#2482 = ORIENTED_EDGE('',*,*,#2483,.T.);
#2483 = EDGE_CURVE('',#824,#1584,#2484,.T.);
#2484 = LINE('',#2485,#2486);
#2485 = CARTESIAN_POINT('',(175.,-94.12,-4.6E-02));
#2486 = VECTOR('',#2487,1.);
#2487 = DIRECTION('',(0.,0.,1.));
#2488 = ORIENTED_EDGE('',*,*,#1583,.F.);
#2489 = ORIENTED_EDGE('',*,*,#2483,.F.);
#2490 = CYLINDRICAL_SURFACE('',#2491,0.5);
#2491 = AXIS2_PLACEMENT_3D('',#2492,#2493,#2494);
#2492 = CARTESIAN_POINT('',(175.,-93.62,-4.6E-02));
#2493 = DIRECTION('',(-0.,-0.,-1.));
#2494 = DIRECTION('',(-0.,-1.,0.));
#2495 = ADVANCED_FACE('',(#2496),#2507,.F.);
#2496 = FACE_BOUND('',#2497,.T.);
#2497 = EDGE_LOOP('',(#2498,#2499,#2505,#2506));
#2498 = ORIENTED_EDGE('',*,*,#834,.T.);
#2499 = ORIENTED_EDGE('',*,*,#2500,.T.);
#2500 = EDGE_CURVE('',#835,#1595,#2501,.T.);
#2501 = LINE('',#2502,#2503);
#2502 = CARTESIAN_POINT('',(190.25,-96.66,-4.6E-02));
#2503 = VECTOR('',#2504,1.);
#2504 = DIRECTION('',(0.,0.,1.));
#2505 = ORIENTED_EDGE('',*,*,#1594,.F.);
#2506 = ORIENTED_EDGE('',*,*,#2500,.F.);
#2507 = CYLINDRICAL_SURFACE('',#2508,0.5);
#2508 = AXIS2_PLACEMENT_3D('',#2509,#2510,#2511);
#2509 = CARTESIAN_POINT('',(190.25,-96.16,-4.6E-02));
#2510 = DIRECTION('',(-0.,-0.,-1.));
#2511 = DIRECTION('',(-0.,-1.,0.));
#2512 = ADVANCED_FACE('',(#2513),#2524,.F.);
#2513 = FACE_BOUND('',#2514,.T.);
#2514 = EDGE_LOOP('',(#2515,#2516,#2522,#2523));
#2515 = ORIENTED_EDGE('',*,*,#845,.T.);
#2516 = ORIENTED_EDGE('',*,*,#2517,.T.);
#2517 = EDGE_CURVE('',#846,#1606,#2518,.T.);
#2518 = LINE('',#2519,#2520);
#2519 = CARTESIAN_POINT('',(190.25,-94.12,-4.6E-02));
#2520 = VECTOR('',#2521,1.);
#2521 = DIRECTION('',(0.,0.,1.));
#2522 = ORIENTED_EDGE('',*,*,#1605,.F.);
#2523 = ORIENTED_EDGE('',*,*,#2517,.F.);
#2524 = CYLINDRICAL_SURFACE('',#2525,0.5);
#2525 = AXIS2_PLACEMENT_3D('',#2526,#2527,#2528);
#2526 = CARTESIAN_POINT('',(190.25,-93.62,-4.6E-02));
#2527 = DIRECTION('',(-0.,-0.,-1.));
#2528 = DIRECTION('',(-0.,-1.,0.));
#2529 = ADVANCED_FACE('',(#2530),#2541,.F.);
#2530 = FACE_BOUND('',#2531,.T.);
#2531 = EDGE_LOOP('',(#2532,#2533,#2539,#2540));
#2532 = ORIENTED_EDGE('',*,*,#856,.T.);
#2533 = ORIENTED_EDGE('',*,*,#2534,.T.);
#2534 = EDGE_CURVE('',#857,#1617,#2535,.T.);
#2535 = LINE('',#2536,#2537);
#2536 = CARTESIAN_POINT('',(157.15,-92.29,-4.6E-02));
#2537 = VECTOR('',#2538,1.);
#2538 = DIRECTION('',(0.,0.,1.));
#2539 = ORIENTED_EDGE('',*,*,#1616,.F.);
#2540 = ORIENTED_EDGE('',*,*,#2534,.F.);
#2541 = CYLINDRICAL_SURFACE('',#2542,0.75);
#2542 = AXIS2_PLACEMENT_3D('',#2543,#2544,#2545);
#2543 = CARTESIAN_POINT('',(157.15,-91.54,-4.6E-02));
#2544 = DIRECTION('',(-0.,-0.,-1.));
#2545 = DIRECTION('',(-0.,-1.,0.));
#2546 = ADVANCED_FACE('',(#2547),#2558,.F.);
#2547 = FACE_BOUND('',#2548,.T.);
#2548 = EDGE_LOOP('',(#2549,#2550,#2556,#2557));
#2549 = ORIENTED_EDGE('',*,*,#867,.T.);
#2550 = ORIENTED_EDGE('',*,*,#2551,.T.);
#2551 = EDGE_CURVE('',#868,#1628,#2552,.T.);
#2552 = LINE('',#2553,#2554);
#2553 = CARTESIAN_POINT('',(170.5,-91.09,-4.6E-02));
#2554 = VECTOR('',#2555,1.);
#2555 = DIRECTION('',(0.,0.,1.));
#2556 = ORIENTED_EDGE('',*,*,#1627,.F.);
#2557 = ORIENTED_EDGE('',*,*,#2551,.F.);
#2558 = CYLINDRICAL_SURFACE('',#2559,0.4);
#2559 = AXIS2_PLACEMENT_3D('',#2560,#2561,#2562);
#2560 = CARTESIAN_POINT('',(170.5,-90.69,-4.6E-02));
#2561 = DIRECTION('',(-0.,-0.,-1.));
#2562 = DIRECTION('',(-0.,-1.,0.));
#2563 = ADVANCED_FACE('',(#2564),#2575,.F.);
#2564 = FACE_BOUND('',#2565,.T.);
#2565 = EDGE_LOOP('',(#2566,#2567,#2573,#2574));
#2566 = ORIENTED_EDGE('',*,*,#878,.T.);
#2567 = ORIENTED_EDGE('',*,*,#2568,.T.);
#2568 = EDGE_CURVE('',#879,#1639,#2569,.T.);
#2569 = LINE('',#2570,#2571);
#2570 = CARTESIAN_POINT('',(163.5,-89.75,-4.6E-02));
#2571 = VECTOR('',#2572,1.);
#2572 = DIRECTION('',(0.,0.,1.));
#2573 = ORIENTED_EDGE('',*,*,#1638,.F.);
#2574 = ORIENTED_EDGE('',*,*,#2568,.F.);
#2575 = CYLINDRICAL_SURFACE('',#2576,0.75);
#2576 = AXIS2_PLACEMENT_3D('',#2577,#2578,#2579);
#2577 = CARTESIAN_POINT('',(163.5,-89.,-4.6E-02));
#2578 = DIRECTION('',(-0.,-0.,-1.));
#2579 = DIRECTION('',(-0.,-1.,0.));
#2580 = ADVANCED_FACE('',(#2581),#2592,.F.);
#2581 = FACE_BOUND('',#2582,.T.);
#2582 = EDGE_LOOP('',(#2583,#2584,#2590,#2591));
#2583 = ORIENTED_EDGE('',*,*,#889,.T.);
#2584 = ORIENTED_EDGE('',*,*,#2585,.T.);
#2585 = EDGE_CURVE('',#890,#1650,#2586,.T.);
#2586 = LINE('',#2587,#2588);
#2587 = CARTESIAN_POINT('',(175.,-91.58,-4.6E-02));
#2588 = VECTOR('',#2589,1.);
#2589 = DIRECTION('',(0.,0.,1.));
#2590 = ORIENTED_EDGE('',*,*,#1649,.F.);
#2591 = ORIENTED_EDGE('',*,*,#2585,.F.);
#2592 = CYLINDRICAL_SURFACE('',#2593,0.5);
#2593 = AXIS2_PLACEMENT_3D('',#2594,#2595,#2596);
#2594 = CARTESIAN_POINT('',(175.,-91.08,-4.6E-02));
#2595 = DIRECTION('',(-0.,-0.,-1.));
#2596 = DIRECTION('',(-0.,-1.,0.));
#2597 = ADVANCED_FACE('',(#2598),#2609,.F.);
#2598 = FACE_BOUND('',#2599,.T.);
#2599 = EDGE_LOOP('',(#2600,#2601,#2607,#2608));
#2600 = ORIENTED_EDGE('',*,*,#900,.T.);
#2601 = ORIENTED_EDGE('',*,*,#2602,.T.);
#2602 = EDGE_CURVE('',#901,#1661,#2603,.T.);
#2603 = LINE('',#2604,#2605);
#2604 = CARTESIAN_POINT('',(175.,-89.04,-4.6E-02));
#2605 = VECTOR('',#2606,1.);
#2606 = DIRECTION('',(0.,0.,1.));
#2607 = ORIENTED_EDGE('',*,*,#1660,.F.);
#2608 = ORIENTED_EDGE('',*,*,#2602,.F.);
#2609 = CYLINDRICAL_SURFACE('',#2610,0.5);
#2610 = AXIS2_PLACEMENT_3D('',#2611,#2612,#2613);
#2611 = CARTESIAN_POINT('',(175.,-88.54,-4.6E-02));
#2612 = DIRECTION('',(-0.,-0.,-1.));
#2613 = DIRECTION('',(-0.,-1.,0.));
#2614 = ADVANCED_FACE('',(#2615),#2626,.F.);
#2615 = FACE_BOUND('',#2616,.T.);
#2616 = EDGE_LOOP('',(#2617,#2618,#2624,#2625));
#2617 = ORIENTED_EDGE('',*,*,#911,.T.);
#2618 = ORIENTED_EDGE('',*,*,#2619,.T.);
#2619 = EDGE_CURVE('',#912,#1672,#2620,.T.);
#2620 = LINE('',#2621,#2622);
#2621 = CARTESIAN_POINT('',(190.25,-91.58,-4.6E-02));
#2622 = VECTOR('',#2623,1.);
#2623 = DIRECTION('',(0.,0.,1.));
#2624 = ORIENTED_EDGE('',*,*,#1671,.F.);
#2625 = ORIENTED_EDGE('',*,*,#2619,.F.);
#2626 = CYLINDRICAL_SURFACE('',#2627,0.5);
#2627 = AXIS2_PLACEMENT_3D('',#2628,#2629,#2630);
#2628 = CARTESIAN_POINT('',(190.25,-91.08,-4.6E-02));
#2629 = DIRECTION('',(-0.,-0.,-1.));
#2630 = DIRECTION('',(-0.,-1.,0.));
#2631 = ADVANCED_FACE('',(#2632),#2643,.F.);
#2632 = FACE_BOUND('',#2633,.T.);
#2633 = EDGE_LOOP('',(#2634,#2635,#2641,#2642));
#2634 = ORIENTED_EDGE('',*,*,#922,.T.);
#2635 = ORIENTED_EDGE('',*,*,#2636,.T.);
#2636 = EDGE_CURVE('',#923,#1683,#2637,.T.);
#2637 = LINE('',#2638,#2639);
#2638 = CARTESIAN_POINT('',(190.25,-89.04,-4.6E-02));
#2639 = VECTOR('',#2640,1.);
#2640 = DIRECTION('',(0.,0.,1.));
#2641 = ORIENTED_EDGE('',*,*,#1682,.F.);
#2642 = ORIENTED_EDGE('',*,*,#2636,.F.);
#2643 = CYLINDRICAL_SURFACE('',#2644,0.5);
#2644 = AXIS2_PLACEMENT_3D('',#2645,#2646,#2647);
#2645 = CARTESIAN_POINT('',(190.25,-88.54,-4.6E-02));
#2646 = DIRECTION('',(-0.,-0.,-1.));
#2647 = DIRECTION('',(-0.,-1.,0.));
#2648 = ADVANCED_FACE('',(#2649),#2660,.F.);
#2649 = FACE_BOUND('',#2650,.T.);
#2650 = EDGE_LOOP('',(#2651,#2652,#2658,#2659));
#2651 = ORIENTED_EDGE('',*,*,#933,.T.);
#2652 = ORIENTED_EDGE('',*,*,#2653,.T.);
#2653 = EDGE_CURVE('',#934,#1694,#2654,.T.);
#2654 = LINE('',#2655,#2656);
#2655 = CARTESIAN_POINT('',(175.,-86.5,-4.6E-02));
#2656 = VECTOR('',#2657,1.);
#2657 = DIRECTION('',(0.,0.,1.));
#2658 = ORIENTED_EDGE('',*,*,#1693,.F.);
#2659 = ORIENTED_EDGE('',*,*,#2653,.F.);
#2660 = CYLINDRICAL_SURFACE('',#2661,0.5);
#2661 = AXIS2_PLACEMENT_3D('',#2662,#2663,#2664);
#2662 = CARTESIAN_POINT('',(175.,-86.,-4.6E-02));
#2663 = DIRECTION('',(-0.,-0.,-1.));
#2664 = DIRECTION('',(-0.,-1.,0.));
#2665 = ADVANCED_FACE('',(#2666),#2677,.F.);
#2666 = FACE_BOUND('',#2667,.T.);
#2667 = EDGE_LOOP('',(#2668,#2669,#2675,#2676));
#2668 = ORIENTED_EDGE('',*,*,#944,.T.);
#2669 = ORIENTED_EDGE('',*,*,#2670,.T.);
#2670 = EDGE_CURVE('',#945,#1705,#2671,.T.);
#2671 = LINE('',#2672,#2673);
#2672 = CARTESIAN_POINT('',(190.25,-86.5,-4.6E-02));
#2673 = VECTOR('',#2674,1.);
#2674 = DIRECTION('',(0.,0.,1.));
#2675 = ORIENTED_EDGE('',*,*,#1704,.F.);
#2676 = ORIENTED_EDGE('',*,*,#2670,.F.);
#2677 = CYLINDRICAL_SURFACE('',#2678,0.5);
#2678 = AXIS2_PLACEMENT_3D('',#2679,#2680,#2681);
#2679 = CARTESIAN_POINT('',(190.25,-86.,-4.6E-02));
#2680 = DIRECTION('',(-0.,-0.,-1.));
#2681 = DIRECTION('',(-0.,-1.,0.));
#2682 = ADVANCED_FACE('',(#2683),#2694,.F.);
#2683 = FACE_BOUND('',#2684,.T.);
#2684 = EDGE_LOOP('',(#2685,#2686,#2692,#2693));
#2685 = ORIENTED_EDGE('',*,*,#955,.T.);
#2686 = ORIENTED_EDGE('',*,*,#2687,.T.);
#2687 = EDGE_CURVE('',#956,#1716,#2688,.T.);
#2688 = LINE('',#2689,#2690);
#2689 = CARTESIAN_POINT('',(132.5,-78.71,-4.6E-02));
#2690 = VECTOR('',#2691,1.);
#2691 = DIRECTION('',(0.,0.,1.));
#2692 = ORIENTED_EDGE('',*,*,#1715,.F.);
#2693 = ORIENTED_EDGE('',*,*,#2687,.F.);
#2694 = CYLINDRICAL_SURFACE('',#2695,0.4);
#2695 = AXIS2_PLACEMENT_3D('',#2696,#2697,#2698);
#2696 = CARTESIAN_POINT('',(132.5,-78.31,-4.6E-02));
#2697 = DIRECTION('',(-0.,-0.,-1.));
#2698 = DIRECTION('',(-0.,-1.,0.));
#2699 = ADVANCED_FACE('',(#2700),#2711,.F.);
#2700 = FACE_BOUND('',#2701,.T.);
#2701 = EDGE_LOOP('',(#2702,#2703,#2709,#2710));
#2702 = ORIENTED_EDGE('',*,*,#966,.T.);
#2703 = ORIENTED_EDGE('',*,*,#2704,.T.);
#2704 = EDGE_CURVE('',#967,#1727,#2705,.T.);
#2705 = LINE('',#2706,#2707);
#2706 = CARTESIAN_POINT('',(151.5,-78.71,-4.6E-02));
#2707 = VECTOR('',#2708,1.);
#2708 = DIRECTION('',(0.,0.,1.));
#2709 = ORIENTED_EDGE('',*,*,#1726,.F.);
#2710 = ORIENTED_EDGE('',*,*,#2704,.F.);
#2711 = CYLINDRICAL_SURFACE('',#2712,0.4);
#2712 = AXIS2_PLACEMENT_3D('',#2713,#2714,#2715);
#2713 = CARTESIAN_POINT('',(151.5,-78.31,-4.6E-02));
#2714 = DIRECTION('',(-0.,-0.,-1.));
#2715 = DIRECTION('',(-0.,-1.,0.));
#2716 = ADVANCED_FACE('',(#2717),#2728,.F.);
#2717 = FACE_BOUND('',#2718,.T.);
#2718 = EDGE_LOOP('',(#2719,#2720,#2726,#2727));
#2719 = ORIENTED_EDGE('',*,*,#977,.T.);
#2720 = ORIENTED_EDGE('',*,*,#2721,.T.);
#2721 = EDGE_CURVE('',#978,#1738,#2722,.T.);
#2722 = LINE('',#2723,#2724);
#2723 = CARTESIAN_POINT('',(117.84,-75.85,-4.6E-02));
#2724 = VECTOR('',#2725,1.);
#2725 = DIRECTION('',(0.,0.,1.));
#2726 = ORIENTED_EDGE('',*,*,#1737,.F.);
#2727 = ORIENTED_EDGE('',*,*,#2721,.F.);
#2728 = CYLINDRICAL_SURFACE('',#2729,0.85);
#2729 = AXIS2_PLACEMENT_3D('',#2730,#2731,#2732);
#2730 = CARTESIAN_POINT('',(117.84,-75.,-4.6E-02));
#2731 = DIRECTION('',(-0.,-0.,-1.));
#2732 = DIRECTION('',(-0.,-1.,0.));
#2733 = ADVANCED_FACE('',(#2734),#2745,.F.);
#2734 = FACE_BOUND('',#2735,.T.);
#2735 = EDGE_LOOP('',(#2736,#2737,#2743,#2744));
#2736 = ORIENTED_EDGE('',*,*,#988,.T.);
#2737 = ORIENTED_EDGE('',*,*,#2738,.T.);
#2738 = EDGE_CURVE('',#989,#1749,#2739,.T.);
#2739 = LINE('',#2740,#2741);
#2740 = CARTESIAN_POINT('',(122.92,-77.,-4.6E-02));
#2741 = VECTOR('',#2742,1.);
#2742 = DIRECTION('',(0.,0.,1.));
#2743 = ORIENTED_EDGE('',*,*,#1748,.F.);
#2744 = ORIENTED_EDGE('',*,*,#2738,.F.);
#2745 = CYLINDRICAL_SURFACE('',#2746,2.);
#2746 = AXIS2_PLACEMENT_3D('',#2747,#2748,#2749);
#2747 = CARTESIAN_POINT('',(122.92,-75.,-4.6E-02));
#2748 = DIRECTION('',(-0.,-0.,-1.));
#2749 = DIRECTION('',(-0.,-1.,0.));
#2750 = ADVANCED_FACE('',(#2751),#2762,.F.);
#2751 = FACE_BOUND('',#2752,.T.);
#2752 = EDGE_LOOP('',(#2753,#2754,#2760,#2761));
#2753 = ORIENTED_EDGE('',*,*,#999,.T.);
#2754 = ORIENTED_EDGE('',*,*,#2755,.T.);
#2755 = EDGE_CURVE('',#1000,#1760,#2756,.T.);
#2756 = LINE('',#2757,#2758);
#2757 = CARTESIAN_POINT('',(119.11,-73.21,-4.6E-02));
#2758 = VECTOR('',#2759,1.);
#2759 = DIRECTION('',(0.,0.,1.));
#2760 = ORIENTED_EDGE('',*,*,#1759,.F.);
#2761 = ORIENTED_EDGE('',*,*,#2755,.F.);
#2762 = CYLINDRICAL_SURFACE('',#2763,0.75);
#2763 = AXIS2_PLACEMENT_3D('',#2764,#2765,#2766);
#2764 = CARTESIAN_POINT('',(119.11,-72.46,-4.6E-02));
#2765 = DIRECTION('',(-0.,-0.,-1.));
#2766 = DIRECTION('',(-0.,-1.,0.));
#2767 = ADVANCED_FACE('',(#2768),#2779,.F.);
#2768 = FACE_BOUND('',#2769,.T.);
#2769 = EDGE_LOOP('',(#2770,#2771,#2777,#2778));
#2770 = ORIENTED_EDGE('',*,*,#1010,.T.);
#2771 = ORIENTED_EDGE('',*,*,#2772,.T.);
#2772 = EDGE_CURVE('',#1011,#1771,#2773,.T.);
#2773 = LINE('',#2774,#2775);
#2774 = CARTESIAN_POINT('',(128.,-75.85,-4.6E-02));
#2775 = VECTOR('',#2776,1.);
#2776 = DIRECTION('',(0.,0.,1.));
#2777 = ORIENTED_EDGE('',*,*,#1770,.F.);
#2778 = ORIENTED_EDGE('',*,*,#2772,.F.);
#2779 = CYLINDRICAL_SURFACE('',#2780,0.85);
#2780 = AXIS2_PLACEMENT_3D('',#2781,#2782,#2783);
#2781 = CARTESIAN_POINT('',(128.,-75.,-4.6E-02));
#2782 = DIRECTION('',(-0.,-0.,-1.));
#2783 = DIRECTION('',(-0.,-1.,0.));
#2784 = ADVANCED_FACE('',(#2785),#2796,.F.);
#2785 = FACE_BOUND('',#2786,.T.);
#2786 = EDGE_LOOP('',(#2787,#2788,#2794,#2795));
#2787 = ORIENTED_EDGE('',*,*,#1021,.T.);
#2788 = ORIENTED_EDGE('',*,*,#2789,.T.);
#2789 = EDGE_CURVE('',#1022,#1782,#2790,.T.);
#2790 = LINE('',#2791,#2792);
#2791 = CARTESIAN_POINT('',(132.5,-71.09,-4.6E-02));
#2792 = VECTOR('',#2793,1.);
#2793 = DIRECTION('',(0.,0.,1.));
#2794 = ORIENTED_EDGE('',*,*,#1781,.F.);
#2795 = ORIENTED_EDGE('',*,*,#2789,.F.);
#2796 = CYLINDRICAL_SURFACE('',#2797,0.4);
#2797 = AXIS2_PLACEMENT_3D('',#2798,#2799,#2800);
#2798 = CARTESIAN_POINT('',(132.5,-70.69,-4.6E-02));
#2799 = DIRECTION('',(-0.,-0.,-1.));
#2800 = DIRECTION('',(-0.,-1.,0.));
#2801 = ADVANCED_FACE('',(#2802),#2813,.F.);
#2802 = FACE_BOUND('',#2803,.T.);
#2803 = EDGE_LOOP('',(#2804,#2805,#2811,#2812));
#2804 = ORIENTED_EDGE('',*,*,#1032,.T.);
#2805 = ORIENTED_EDGE('',*,*,#2806,.T.);
#2806 = EDGE_CURVE('',#1033,#1793,#2807,.T.);
#2807 = LINE('',#2808,#2809);
#2808 = CARTESIAN_POINT('',(125.46,-70.67,-4.6E-02));
#2809 = VECTOR('',#2810,1.);
#2810 = DIRECTION('',(0.,0.,1.));
#2811 = ORIENTED_EDGE('',*,*,#1792,.F.);
#2812 = ORIENTED_EDGE('',*,*,#2806,.F.);
#2813 = CYLINDRICAL_SURFACE('',#2814,0.75);
#2814 = AXIS2_PLACEMENT_3D('',#2815,#2816,#2817);
#2815 = CARTESIAN_POINT('',(125.46,-69.92,-4.6E-02));
#2816 = DIRECTION('',(-0.,-0.,-1.));
#2817 = DIRECTION('',(-0.,-1.,0.));
#2818 = ADVANCED_FACE('',(#2819),#2830,.F.);
#2819 = FACE_BOUND('',#2820,.T.);
#2820 = EDGE_LOOP('',(#2821,#2822,#2828,#2829));
#2821 = ORIENTED_EDGE('',*,*,#1043,.T.);
#2822 = ORIENTED_EDGE('',*,*,#2823,.T.);
#2823 = EDGE_CURVE('',#1044,#1804,#2824,.T.);
#2824 = LINE('',#2825,#2826);
#2825 = CARTESIAN_POINT('',(137.,-75.85,-4.6E-02));
#2826 = VECTOR('',#2827,1.);
#2827 = DIRECTION('',(0.,0.,1.));
#2828 = ORIENTED_EDGE('',*,*,#1803,.F.);
#2829 = ORIENTED_EDGE('',*,*,#2823,.F.);
#2830 = CYLINDRICAL_SURFACE('',#2831,0.85);
#2831 = AXIS2_PLACEMENT_3D('',#2832,#2833,#2834);
#2832 = CARTESIAN_POINT('',(137.,-75.,-4.6E-02));
#2833 = DIRECTION('',(-0.,-0.,-1.));
#2834 = DIRECTION('',(-0.,-1.,0.));
#2835 = ADVANCED_FACE('',(#2836),#2847,.F.);
#2836 = FACE_BOUND('',#2837,.T.);
#2837 = EDGE_LOOP('',(#2838,#2839,#2845,#2846));
#2838 = ORIENTED_EDGE('',*,*,#1054,.T.);
#2839 = ORIENTED_EDGE('',*,*,#2840,.T.);
#2840 = EDGE_CURVE('',#1055,#1815,#2841,.T.);
#2841 = LINE('',#2842,#2843);
#2842 = CARTESIAN_POINT('',(142.08,-77.,-4.6E-02));
#2843 = VECTOR('',#2844,1.);
#2844 = DIRECTION('',(0.,0.,1.));
#2845 = ORIENTED_EDGE('',*,*,#1814,.F.);
#2846 = ORIENTED_EDGE('',*,*,#2840,.F.);
#2847 = CYLINDRICAL_SURFACE('',#2848,2.);
#2848 = AXIS2_PLACEMENT_3D('',#2849,#2850,#2851);
#2849 = CARTESIAN_POINT('',(142.08,-75.,-4.6E-02));
#2850 = DIRECTION('',(-0.,-0.,-1.));
#2851 = DIRECTION('',(-0.,-1.,0.));
#2852 = ADVANCED_FACE('',(#2853),#2864,.F.);
#2853 = FACE_BOUND('',#2854,.T.);
#2854 = EDGE_LOOP('',(#2855,#2856,#2862,#2863));
#2855 = ORIENTED_EDGE('',*,*,#1065,.T.);
#2856 = ORIENTED_EDGE('',*,*,#2857,.T.);
#2857 = EDGE_CURVE('',#1066,#1826,#2858,.T.);
#2858 = LINE('',#2859,#2860);
#2859 = CARTESIAN_POINT('',(138.27,-73.21,-4.6E-02));
#2860 = VECTOR('',#2861,1.);
#2861 = DIRECTION('',(0.,0.,1.));
#2862 = ORIENTED_EDGE('',*,*,#1825,.F.);
#2863 = ORIENTED_EDGE('',*,*,#2857,.F.);
#2864 = CYLINDRICAL_SURFACE('',#2865,0.75);
#2865 = AXIS2_PLACEMENT_3D('',#2866,#2867,#2868);
#2866 = CARTESIAN_POINT('',(138.27,-72.46,-4.6E-02));
#2867 = DIRECTION('',(-0.,-0.,-1.));
#2868 = DIRECTION('',(-0.,-1.,0.));
#2869 = ADVANCED_FACE('',(#2870),#2881,.F.);
#2870 = FACE_BOUND('',#2871,.T.);
#2871 = EDGE_LOOP('',(#2872,#2873,#2879,#2880));
#2872 = ORIENTED_EDGE('',*,*,#1076,.T.);
#2873 = ORIENTED_EDGE('',*,*,#2874,.T.);
#2874 = EDGE_CURVE('',#1077,#1837,#2875,.T.);
#2875 = LINE('',#2876,#2877);
#2876 = CARTESIAN_POINT('',(147.16,-75.85,-4.6E-02));
#2877 = VECTOR('',#2878,1.);
#2878 = DIRECTION('',(0.,0.,1.));
#2879 = ORIENTED_EDGE('',*,*,#1836,.F.);
#2880 = ORIENTED_EDGE('',*,*,#2874,.F.);
#2881 = CYLINDRICAL_SURFACE('',#2882,0.85);
#2882 = AXIS2_PLACEMENT_3D('',#2883,#2884,#2885);
#2883 = CARTESIAN_POINT('',(147.16,-75.,-4.6E-02));
#2884 = DIRECTION('',(-0.,-0.,-1.));
#2885 = DIRECTION('',(-0.,-1.,0.));
#2886 = ADVANCED_FACE('',(#2887),#2898,.F.);
#2887 = FACE_BOUND('',#2888,.T.);
#2888 = EDGE_LOOP('',(#2889,#2890,#2896,#2897));
#2889 = ORIENTED_EDGE('',*,*,#1087,.T.);
#2890 = ORIENTED_EDGE('',*,*,#2891,.T.);
#2891 = EDGE_CURVE('',#1088,#1848,#2892,.T.);
#2892 = LINE('',#2893,#2894);
#2893 = CARTESIAN_POINT('',(151.5,-71.09,-4.6E-02));
#2894 = VECTOR('',#2895,1.);
#2895 = DIRECTION('',(0.,0.,1.));
#2896 = ORIENTED_EDGE('',*,*,#1847,.F.);
#2897 = ORIENTED_EDGE('',*,*,#2891,.F.);
#2898 = CYLINDRICAL_SURFACE('',#2899,0.4);
#2899 = AXIS2_PLACEMENT_3D('',#2900,#2901,#2902);
#2900 = CARTESIAN_POINT('',(151.5,-70.69,-4.6E-02));
#2901 = DIRECTION('',(-0.,-0.,-1.));
#2902 = DIRECTION('',(-0.,-1.,0.));
#2903 = ADVANCED_FACE('',(#2904),#2915,.F.);
#2904 = FACE_BOUND('',#2905,.T.);
#2905 = EDGE_LOOP('',(#2906,#2907,#2913,#2914));
#2906 = ORIENTED_EDGE('',*,*,#1098,.T.);
#2907 = ORIENTED_EDGE('',*,*,#2908,.T.);
#2908 = EDGE_CURVE('',#1099,#1859,#2909,.T.);
#2909 = LINE('',#2910,#2911);
#2910 = CARTESIAN_POINT('',(144.62,-70.67,-4.6E-02));
#2911 = VECTOR('',#2912,1.);
#2912 = DIRECTION('',(0.,0.,1.));
#2913 = ORIENTED_EDGE('',*,*,#1858,.F.);
#2914 = ORIENTED_EDGE('',*,*,#2908,.F.);
#2915 = CYLINDRICAL_SURFACE('',#2916,0.75);
#2916 = AXIS2_PLACEMENT_3D('',#2917,#2918,#2919);
#2917 = CARTESIAN_POINT('',(144.62,-69.92,-4.6E-02));
#2918 = DIRECTION('',(-0.,-0.,-1.));
#2919 = DIRECTION('',(-0.,-1.,0.));
#2920 = ADVANCED_FACE('',(#2921),#2932,.F.);
#2921 = FACE_BOUND('',#2922,.T.);
#2922 = EDGE_LOOP('',(#2923,#2924,#2930,#2931));
#2923 = ORIENTED_EDGE('',*,*,#1109,.T.);
#2924 = ORIENTED_EDGE('',*,*,#2925,.T.);
#2925 = EDGE_CURVE('',#1110,#1870,#2926,.T.);
#2926 = LINE('',#2927,#2928);
#2927 = CARTESIAN_POINT('',(170.5,-78.71,-4.6E-02));
#2928 = VECTOR('',#2929,1.);
#2929 = DIRECTION('',(0.,0.,1.));
#2930 = ORIENTED_EDGE('',*,*,#1869,.F.);
#2931 = ORIENTED_EDGE('',*,*,#2925,.F.);
#2932 = CYLINDRICAL_SURFACE('',#2933,0.4);
#2933 = AXIS2_PLACEMENT_3D('',#2934,#2935,#2936);
#2934 = CARTESIAN_POINT('',(170.5,-78.31,-4.6E-02));
#2935 = DIRECTION('',(-0.,-0.,-1.));
#2936 = DIRECTION('',(-0.,-1.,0.));
#2937 = ADVANCED_FACE('',(#2938),#2954,.F.);
#2938 = FACE_BOUND('',#2939,.T.);
#2939 = EDGE_LOOP('',(#2940,#2941,#2947,#2948));
#2940 = ORIENTED_EDGE('',*,*,#1120,.T.);
#2941 = ORIENTED_EDGE('',*,*,#2942,.T.);
#2942 = EDGE_CURVE('',#1123,#1883,#2943,.T.);
#2943 = LINE('',#2944,#2945);
#2944 = CARTESIAN_POINT('',(183.15,-78.85,-4.6E-02));
#2945 = VECTOR('',#2946,1.);
#2946 = DIRECTION('',(0.,0.,1.));
#2947 = ORIENTED_EDGE('',*,*,#1880,.F.);
#2948 = ORIENTED_EDGE('',*,*,#2949,.F.);
#2949 = EDGE_CURVE('',#1121,#1881,#2950,.T.);
#2950 = LINE('',#2951,#2952);
#2951 = CARTESIAN_POINT('',(183.15,-77.35,-4.6E-02));
#2952 = VECTOR('',#2953,1.);
#2953 = DIRECTION('',(0.,0.,1.));
#2954 = CYLINDRICAL_SURFACE('',#2955,0.75);
#2955 = AXIS2_PLACEMENT_3D('',#2956,#2957,#2958);
#2956 = CARTESIAN_POINT('',(183.15,-78.1,-4.6E-02));
#2957 = DIRECTION('',(-0.,-0.,-1.));
#2958 = DIRECTION('',(-0.,-1.,0.));
#2959 = ADVANCED_FACE('',(#2960),#2971,.T.);
#2960 = FACE_BOUND('',#2961,.T.);
#2961 = EDGE_LOOP('',(#2962,#2963,#2964,#2965));
#2962 = ORIENTED_EDGE('',*,*,#1148,.T.);
#2963 = ORIENTED_EDGE('',*,*,#2949,.T.);
#2964 = ORIENTED_EDGE('',*,*,#1908,.F.);
#2965 = ORIENTED_EDGE('',*,*,#2966,.F.);
#2966 = EDGE_CURVE('',#1140,#1900,#2967,.T.);
#2967 = LINE('',#2968,#2969);
#2968 = CARTESIAN_POINT('',(181.85,-77.35,-4.6E-02));
#2969 = VECTOR('',#2970,1.);
#2970 = DIRECTION('',(0.,0.,1.));
#2971 = PLANE('',#2972);
#2972 = AXIS2_PLACEMENT_3D('',#2973,#2974,#2975);
#2973 = CARTESIAN_POINT('',(183.15,-77.35,-4.6E-02));
#2974 = DIRECTION('',(0.,-1.,0.));
#2975 = DIRECTION('',(-1.,0.,0.));
#2976 = ADVANCED_FACE('',(#2977),#2988,.F.);
#2977 = FACE_BOUND('',#2978,.T.);
#2978 = EDGE_LOOP('',(#2979,#2980,#2981,#2982));
#2979 = ORIENTED_EDGE('',*,*,#1139,.T.);
#2980 = ORIENTED_EDGE('',*,*,#2966,.T.);
#2981 = ORIENTED_EDGE('',*,*,#1899,.F.);
#2982 = ORIENTED_EDGE('',*,*,#2983,.F.);
#2983 = EDGE_CURVE('',#1132,#1892,#2984,.T.);
#2984 = LINE('',#2985,#2986);
#2985 = CARTESIAN_POINT('',(181.85,-78.85,-4.6E-02));
#2986 = VECTOR('',#2987,1.);
#2987 = DIRECTION('',(0.,0.,1.));
#2988 = CYLINDRICAL_SURFACE('',#2989,0.75);
#2989 = AXIS2_PLACEMENT_3D('',#2990,#2991,#2992);
#2990 = CARTESIAN_POINT('',(181.85,-78.1,-4.6E-02));
#2991 = DIRECTION('',(-0.,0.,-1.));
#2992 = DIRECTION('',(0.,1.,0.));
#2993 = ADVANCED_FACE('',(#2994),#3000,.T.);
#2994 = FACE_BOUND('',#2995,.T.);
#2995 = EDGE_LOOP('',(#2996,#2997,#2998,#2999));
#2996 = ORIENTED_EDGE('',*,*,#1131,.T.);
#2997 = ORIENTED_EDGE('',*,*,#2983,.T.);
#2998 = ORIENTED_EDGE('',*,*,#1891,.F.);
#2999 = ORIENTED_EDGE('',*,*,#2942,.F.);
#3000 = PLANE('',#3001);
#3001 = AXIS2_PLACEMENT_3D('',#3002,#3003,#3004);
#3002 = CARTESIAN_POINT('',(181.85,-78.85,-4.6E-02));
#3003 = DIRECTION('',(0.,1.,0.));
#3004 = DIRECTION('',(1.,0.,0.));
#3005 = ADVANCED_FACE('',(#3006),#3017,.F.);
#3006 = FACE_BOUND('',#3007,.T.);
#3007 = EDGE_LOOP('',(#3008,#3009,#3015,#3016));
#3008 = ORIENTED_EDGE('',*,*,#1156,.T.);
#3009 = ORIENTED_EDGE('',*,*,#3010,.T.);
#3010 = EDGE_CURVE('',#1157,#1917,#3011,.T.);
#3011 = LINE('',#3012,#3013);
#3012 = CARTESIAN_POINT('',(155.84,-75.85,-4.6E-02));
#3013 = VECTOR('',#3014,1.);
#3014 = DIRECTION('',(0.,0.,1.));
#3015 = ORIENTED_EDGE('',*,*,#1916,.F.);
#3016 = ORIENTED_EDGE('',*,*,#3010,.F.);
#3017 = CYLINDRICAL_SURFACE('',#3018,0.85);
#3018 = AXIS2_PLACEMENT_3D('',#3019,#3020,#3021);
#3019 = CARTESIAN_POINT('',(155.84,-75.,-4.6E-02));
#3020 = DIRECTION('',(-0.,-0.,-1.));
#3021 = DIRECTION('',(-0.,-1.,0.));
#3022 = ADVANCED_FACE('',(#3023),#3034,.F.);
#3023 = FACE_BOUND('',#3024,.T.);
#3024 = EDGE_LOOP('',(#3025,#3026,#3032,#3033));
#3025 = ORIENTED_EDGE('',*,*,#1167,.T.);
#3026 = ORIENTED_EDGE('',*,*,#3027,.T.);
#3027 = EDGE_CURVE('',#1168,#1928,#3028,.T.);
#3028 = LINE('',#3029,#3030);
#3029 = CARTESIAN_POINT('',(160.92,-77.,-4.6E-02));
#3030 = VECTOR('',#3031,1.);
#3031 = DIRECTION('',(0.,0.,1.));
#3032 = ORIENTED_EDGE('',*,*,#1927,.F.);
#3033 = ORIENTED_EDGE('',*,*,#3027,.F.);
#3034 = CYLINDRICAL_SURFACE('',#3035,2.);
#3035 = AXIS2_PLACEMENT_3D('',#3036,#3037,#3038);
#3036 = CARTESIAN_POINT('',(160.92,-75.,-4.6E-02));
#3037 = DIRECTION('',(-0.,-0.,-1.));
#3038 = DIRECTION('',(-0.,-1.,0.));
#3039 = ADVANCED_FACE('',(#3040),#3051,.F.);
#3040 = FACE_BOUND('',#3041,.T.);
#3041 = EDGE_LOOP('',(#3042,#3043,#3049,#3050));
#3042 = ORIENTED_EDGE('',*,*,#1178,.T.);
#3043 = ORIENTED_EDGE('',*,*,#3044,.T.);
#3044 = EDGE_CURVE('',#1179,#1939,#3045,.T.);
#3045 = LINE('',#3046,#3047);
#3046 = CARTESIAN_POINT('',(157.11,-73.21,-4.6E-02));
#3047 = VECTOR('',#3048,1.);
#3048 = DIRECTION('',(0.,0.,1.));
#3049 = ORIENTED_EDGE('',*,*,#1938,.F.);
#3050 = ORIENTED_EDGE('',*,*,#3044,.F.);
#3051 = CYLINDRICAL_SURFACE('',#3052,0.75);
#3052 = AXIS2_PLACEMENT_3D('',#3053,#3054,#3055);
#3053 = CARTESIAN_POINT('',(157.11,-72.46,-4.6E-02));
#3054 = DIRECTION('',(-0.,-0.,-1.));
#3055 = DIRECTION('',(-0.,-1.,0.));
#3056 = ADVANCED_FACE('',(#3057),#3068,.F.);
#3057 = FACE_BOUND('',#3058,.T.);
#3058 = EDGE_LOOP('',(#3059,#3060,#3066,#3067));
#3059 = ORIENTED_EDGE('',*,*,#1189,.T.);
#3060 = ORIENTED_EDGE('',*,*,#3061,.T.);
#3061 = EDGE_CURVE('',#1190,#1950,#3062,.T.);
#3062 = LINE('',#3063,#3064);
#3063 = CARTESIAN_POINT('',(166.,-75.85,-4.6E-02));
#3064 = VECTOR('',#3065,1.);
#3065 = DIRECTION('',(0.,0.,1.));
#3066 = ORIENTED_EDGE('',*,*,#1949,.F.);
#3067 = ORIENTED_EDGE('',*,*,#3061,.F.);
#3068 = CYLINDRICAL_SURFACE('',#3069,0.85);
#3069 = AXIS2_PLACEMENT_3D('',#3070,#3071,#3072);
#3070 = CARTESIAN_POINT('',(166.,-75.,-4.6E-02));
#3071 = DIRECTION('',(-0.,-0.,-1.));
#3072 = DIRECTION('',(-0.,-1.,0.));
#3073 = ADVANCED_FACE('',(#3074),#3085,.F.);
#3074 = FACE_BOUND('',#3075,.T.);
#3075 = EDGE_LOOP('',(#3076,#3077,#3083,#3084));
#3076 = ORIENTED_EDGE('',*,*,#1200,.T.);
#3077 = ORIENTED_EDGE('',*,*,#3078,.T.);
#3078 = EDGE_CURVE('',#1201,#1961,#3079,.T.);
#3079 = LINE('',#3080,#3081);
#3080 = CARTESIAN_POINT('',(170.5,-71.09,-4.6E-02));
#3081 = VECTOR('',#3082,1.);
#3082 = DIRECTION('',(0.,0.,1.));
#3083 = ORIENTED_EDGE('',*,*,#1960,.F.);
#3084 = ORIENTED_EDGE('',*,*,#3078,.F.);
#3085 = CYLINDRICAL_SURFACE('',#3086,0.4);
#3086 = AXIS2_PLACEMENT_3D('',#3087,#3088,#3089);
#3087 = CARTESIAN_POINT('',(170.5,-70.69,-4.6E-02));
#3088 = DIRECTION('',(-0.,-0.,-1.));
#3089 = DIRECTION('',(-0.,-1.,0.));
#3090 = ADVANCED_FACE('',(#3091),#3102,.F.);
#3091 = FACE_BOUND('',#3092,.T.);
#3092 = EDGE_LOOP('',(#3093,#3094,#3100,#3101));
#3093 = ORIENTED_EDGE('',*,*,#1211,.T.);
#3094 = ORIENTED_EDGE('',*,*,#3095,.T.);
#3095 = EDGE_CURVE('',#1212,#1972,#3096,.T.);
#3096 = LINE('',#3097,#3098);
#3097 = CARTESIAN_POINT('',(163.46,-70.67,-4.6E-02));
#3098 = VECTOR('',#3099,1.);
#3099 = DIRECTION('',(0.,0.,1.));
#3100 = ORIENTED_EDGE('',*,*,#1971,.F.);
#3101 = ORIENTED_EDGE('',*,*,#3095,.F.);
#3102 = CYLINDRICAL_SURFACE('',#3103,0.75);
#3103 = AXIS2_PLACEMENT_3D('',#3104,#3105,#3106);
#3104 = CARTESIAN_POINT('',(163.46,-69.92,-4.6E-02));
#3105 = DIRECTION('',(-0.,-0.,-1.));
#3106 = DIRECTION('',(-0.,-1.,0.));
#3107 = ADVANCED_FACE('',(#3108),#3119,.F.);
#3108 = FACE_BOUND('',#3109,.T.);
#3109 = EDGE_LOOP('',(#3110,#3111,#3117,#3118));
#3110 = ORIENTED_EDGE('',*,*,#1222,.T.);
#3111 = ORIENTED_EDGE('',*,*,#3112,.T.);
#3112 = EDGE_CURVE('',#1223,#1983,#3113,.T.);
#3113 = LINE('',#3114,#3115);
#3114 = CARTESIAN_POINT('',(175.,-75.5,-4.6E-02));
#3115 = VECTOR('',#3116,1.);
#3116 = DIRECTION('',(0.,0.,1.));
#3117 = ORIENTED_EDGE('',*,*,#1982,.F.);
#3118 = ORIENTED_EDGE('',*,*,#3112,.F.);
#3119 = CYLINDRICAL_SURFACE('',#3120,0.5);
#3120 = AXIS2_PLACEMENT_3D('',#3121,#3122,#3123);
#3121 = CARTESIAN_POINT('',(175.,-75.,-4.6E-02));
#3122 = DIRECTION('',(-0.,-0.,-1.));
#3123 = DIRECTION('',(-0.,-1.,0.));
#3124 = ADVANCED_FACE('',(#3125),#3136,.F.);
#3125 = FACE_BOUND('',#3126,.T.);
#3126 = EDGE_LOOP('',(#3127,#3128,#3134,#3135));
#3127 = ORIENTED_EDGE('',*,*,#1233,.T.);
#3128 = ORIENTED_EDGE('',*,*,#3129,.T.);
#3129 = EDGE_CURVE('',#1234,#1994,#3130,.T.);
#3130 = LINE('',#3131,#3132);
#3131 = CARTESIAN_POINT('',(175.,-73.,-4.6E-02));
#3132 = VECTOR('',#3133,1.);
#3133 = DIRECTION('',(0.,0.,1.));
#3134 = ORIENTED_EDGE('',*,*,#1993,.F.);
#3135 = ORIENTED_EDGE('',*,*,#3129,.F.);
#3136 = CYLINDRICAL_SURFACE('',#3137,0.5);
#3137 = AXIS2_PLACEMENT_3D('',#3138,#3139,#3140);
#3138 = CARTESIAN_POINT('',(175.,-72.5,-4.6E-02));
#3139 = DIRECTION('',(-0.,-0.,-1.));
#3140 = DIRECTION('',(-0.,-1.,0.));
#3141 = ADVANCED_FACE('',(#3142),#3153,.F.);
#3142 = FACE_BOUND('',#3143,.T.);
#3143 = EDGE_LOOP('',(#3144,#3145,#3151,#3152));
#3144 = ORIENTED_EDGE('',*,*,#1244,.T.);
#3145 = ORIENTED_EDGE('',*,*,#3146,.T.);
#3146 = EDGE_CURVE('',#1245,#2005,#3147,.T.);
#3147 = LINE('',#3148,#3149);
#3148 = CARTESIAN_POINT('',(189.5,-75.5,-4.6E-02));
#3149 = VECTOR('',#3150,1.);
#3150 = DIRECTION('',(0.,0.,1.));
#3151 = ORIENTED_EDGE('',*,*,#2004,.F.);
#3152 = ORIENTED_EDGE('',*,*,#3146,.F.);
#3153 = CYLINDRICAL_SURFACE('',#3154,0.5);
#3154 = AXIS2_PLACEMENT_3D('',#3155,#3156,#3157);
#3155 = CARTESIAN_POINT('',(189.5,-75.,-4.6E-02));
#3156 = DIRECTION('',(-0.,-0.,-1.));
#3157 = DIRECTION('',(-0.,-1.,0.));
#3158 = ADVANCED_FACE('',(#3159),#3170,.F.);
#3159 = FACE_BOUND('',#3160,.T.);
#3160 = EDGE_LOOP('',(#3161,#3162,#3168,#3169));
#3161 = ORIENTED_EDGE('',*,*,#1255,.T.);
#3162 = ORIENTED_EDGE('',*,*,#3163,.T.);
#3163 = EDGE_CURVE('',#1256,#2016,#3164,.T.);
#3164 = LINE('',#3165,#3166);
#3165 = CARTESIAN_POINT('',(175.,-70.5,-4.6E-02));
#3166 = VECTOR('',#3167,1.);
#3167 = DIRECTION('',(0.,0.,1.));
#3168 = ORIENTED_EDGE('',*,*,#2015,.F.);
#3169 = ORIENTED_EDGE('',*,*,#3163,.F.);
#3170 = CYLINDRICAL_SURFACE('',#3171,0.5);
#3171 = AXIS2_PLACEMENT_3D('',#3172,#3173,#3174);
#3172 = CARTESIAN_POINT('',(175.,-70.,-4.6E-02));
#3173 = DIRECTION('',(-0.,-0.,-1.));
#3174 = DIRECTION('',(-0.,-1.,0.));
#3175 = ADVANCED_FACE('',(#3176),#3187,.F.);
#3176 = FACE_BOUND('',#3177,.T.);
#3177 = EDGE_LOOP('',(#3178,#3179,#3185,#3186));
#3178 = ORIENTED_EDGE('',*,*,#1266,.T.);
#3179 = ORIENTED_EDGE('',*,*,#3180,.T.);
#3180 = EDGE_CURVE('',#1267,#2027,#3181,.T.);
#3181 = LINE('',#3182,#3183);
#3182 = CARTESIAN_POINT('',(189.5,-70.5,-4.6E-02));
#3183 = VECTOR('',#3184,1.);
#3184 = DIRECTION('',(0.,0.,1.));
#3185 = ORIENTED_EDGE('',*,*,#2026,.F.);
#3186 = ORIENTED_EDGE('',*,*,#3180,.F.);
#3187 = CYLINDRICAL_SURFACE('',#3188,0.5);
#3188 = AXIS2_PLACEMENT_3D('',#3189,#3190,#3191);
#3189 = CARTESIAN_POINT('',(189.5,-70.,-4.6E-02));
#3190 = DIRECTION('',(-0.,-0.,-1.));
#3191 = DIRECTION('',(-0.,-1.,0.));
#3192 = ADVANCED_FACE('',(#3193),#3209,.F.);
#3193 = FACE_BOUND('',#3194,.T.);
#3194 = EDGE_LOOP('',(#3195,#3196,#3202,#3203));
#3195 = ORIENTED_EDGE('',*,*,#1277,.T.);
#3196 = ORIENTED_EDGE('',*,*,#3197,.T.);
#3197 = EDGE_CURVE('',#1280,#2040,#3198,.T.);
#3198 = LINE('',#3199,#3200);
#3199 = CARTESIAN_POINT('',(183.15,-67.65,-4.6E-02));
#3200 = VECTOR('',#3201,1.);
#3201 = DIRECTION('',(0.,0.,1.));
#3202 = ORIENTED_EDGE('',*,*,#2037,.F.);
#3203 = ORIENTED_EDGE('',*,*,#3204,.F.);
#3204 = EDGE_CURVE('',#1278,#2038,#3205,.T.);
#3205 = LINE('',#3206,#3207);
#3206 = CARTESIAN_POINT('',(183.15,-66.15,-4.6E-02));
#3207 = VECTOR('',#3208,1.);
#3208 = DIRECTION('',(0.,0.,1.));
#3209 = CYLINDRICAL_SURFACE('',#3210,0.75);
#3210 = AXIS2_PLACEMENT_3D('',#3211,#3212,#3213);
#3211 = CARTESIAN_POINT('',(183.15,-66.9,-4.6E-02));
#3212 = DIRECTION('',(-0.,-0.,-1.));
#3213 = DIRECTION('',(-0.,-1.,0.));
#3214 = ADVANCED_FACE('',(#3215),#3226,.T.);
#3215 = FACE_BOUND('',#3216,.T.);
#3216 = EDGE_LOOP('',(#3217,#3218,#3219,#3220));
#3217 = ORIENTED_EDGE('',*,*,#1305,.T.);
#3218 = ORIENTED_EDGE('',*,*,#3204,.T.);
#3219 = ORIENTED_EDGE('',*,*,#2065,.F.);
#3220 = ORIENTED_EDGE('',*,*,#3221,.F.);
#3221 = EDGE_CURVE('',#1297,#2057,#3222,.T.);
#3222 = LINE('',#3223,#3224);
#3223 = CARTESIAN_POINT('',(181.85,-66.15,-4.6E-02));
#3224 = VECTOR('',#3225,1.);
#3225 = DIRECTION('',(0.,0.,1.));
#3226 = PLANE('',#3227);
#3227 = AXIS2_PLACEMENT_3D('',#3228,#3229,#3230);
#3228 = CARTESIAN_POINT('',(183.15,-66.15,-4.6E-02));
#3229 = DIRECTION('',(0.,-1.,0.));
#3230 = DIRECTION('',(-1.,0.,0.));
#3231 = ADVANCED_FACE('',(#3232),#3243,.F.);
#3232 = FACE_BOUND('',#3233,.T.);
#3233 = EDGE_LOOP('',(#3234,#3235,#3236,#3237));
#3234 = ORIENTED_EDGE('',*,*,#1296,.T.);
#3235 = ORIENTED_EDGE('',*,*,#3221,.T.);
#3236 = ORIENTED_EDGE('',*,*,#2056,.F.);
#3237 = ORIENTED_EDGE('',*,*,#3238,.F.);
#3238 = EDGE_CURVE('',#1289,#2049,#3239,.T.);
#3239 = LINE('',#3240,#3241);
#3240 = CARTESIAN_POINT('',(181.85,-67.65,-4.6E-02));
#3241 = VECTOR('',#3242,1.);
#3242 = DIRECTION('',(0.,0.,1.));
#3243 = CYLINDRICAL_SURFACE('',#3244,0.75);
#3244 = AXIS2_PLACEMENT_3D('',#3245,#3246,#3247);
#3245 = CARTESIAN_POINT('',(181.85,-66.9,-4.6E-02));
#3246 = DIRECTION('',(-0.,0.,-1.));
#3247 = DIRECTION('',(0.,1.,0.));
#3248 = ADVANCED_FACE('',(#3249),#3255,.T.);
#3249 = FACE_BOUND('',#3250,.T.);
#3250 = EDGE_LOOP('',(#3251,#3252,#3253,#3254));
#3251 = ORIENTED_EDGE('',*,*,#1288,.T.);
#3252 = ORIENTED_EDGE('',*,*,#3238,.T.);
#3253 = ORIENTED_EDGE('',*,*,#2048,.F.);
#3254 = ORIENTED_EDGE('',*,*,#3197,.F.);
#3255 = PLANE('',#3256);
#3256 = AXIS2_PLACEMENT_3D('',#3257,#3258,#3259);
#3257 = CARTESIAN_POINT('',(181.85,-67.65,-4.6E-02));
#3258 = DIRECTION('',(0.,1.,0.));
#3259 = DIRECTION('',(1.,0.,0.));
#3260 = ( GEOMETRIC_REPRESENTATION_CONTEXT(3) 
GLOBAL_UNCERTAINTY_ASSIGNED_CONTEXT((#3264)) 
GLOBAL_UNIT_ASSIGNED_CONTEXT((#3261,#3262,#3263)) REPRESENTATION_CONTEXT
('Context #1','3D Context with UNIT and UNCERTAINTY') );
#3261 = ( LENGTH_UNIT() NAMED_UNIT(*) SI_UNIT(.MILLI.,.METRE.) );
#3262 = ( NAMED_UNIT(*) PLANE_ANGLE_UNIT() SI_UNIT($,.RADIAN.) );
#3263 = ( NAMED_UNIT(*) SI_UNIT($,.STERADIAN.) SOLID_ANGLE_UNIT() );
#3264 = UNCERTAINTY_MEASURE_WITH_UNIT(LENGTH_MEASURE(1.E-07),#3261,
  'distance_accuracy_value','confusion accuracy');
#3265 = CONTEXT_DEPENDENT_SHAPE_REPRESENTATION(#3266,#3268);
#3266 = ( REPRESENTATION_RELATIONSHIP('','',#450,#10) 
REPRESENTATION_RELATIONSHIP_WITH_TRANSFORMATION(#3267) 
SHAPE_REPRESENTATION_RELATIONSHIP() );
#3267 = ITEM_DEFINED_TRANSFORMATION('','',#11,#39);
#3268 = PRODUCT_DEFINITION_SHAPE('Placement','Placement of an item',
  #3269);
#3269 = NEXT_ASSEMBLY_USAGE_OCCURRENCE('7','=>[0:1:1:3]','',#5,#445,$);
#3270 = PRODUCT_RELATED_PRODUCT_CATEGORY('part',$,(#447));
#3271 = MECHANICAL_DESIGN_GEOMETRIC_PRESENTATION_REPRESENTATION('',(
    #3272,#3280,#3287,#3294,#3301,#3308,#3315,#3322,#3330,#3337,#3344,
    #3352,#3359,#3366,#3373,#3380),#407);
#3272 = STYLED_ITEM('color',(#3273),#59);
#3273 = PRESENTATION_STYLE_ASSIGNMENT((#3274));
#3274 = SURFACE_STYLE_USAGE(.BOTH.,#3275);
#3275 = SURFACE_SIDE_STYLE('',(#3276));
#3276 = SURFACE_STYLE_FILL_AREA(#3277);
#3277 = FILL_AREA_STYLE('',(#3278));
#3278 = FILL_AREA_STYLE_COLOUR('',#3279);
#3279 = COLOUR_RGB('',0.823999987314,0.819999987296,0.781000009244);
#3280 = STYLED_ITEM('color',(#3281),#92);
#3281 = PRESENTATION_STYLE_ASSIGNMENT((#3282));
#3282 = SURFACE_STYLE_USAGE(.BOTH.,#3283);
#3283 = SURFACE_SIDE_STYLE('',(#3284));
#3284 = SURFACE_STYLE_FILL_AREA(#3285);
#3285 = FILL_AREA_STYLE('',(#3286));
#3286 = FILL_AREA_STYLE_COLOUR('',#3279);
#3287 = STYLED_ITEM('color',(#3288),#118);
#3288 = PRESENTATION_STYLE_ASSIGNMENT((#3289));
#3289 = SURFACE_STYLE_USAGE(.BOTH.,#3290);
#3290 = SURFACE_SIDE_STYLE('',(#3291));
#3291 = SURFACE_STYLE_FILL_AREA(#3292);
#3292 = FILL_AREA_STYLE('',(#3293));
#3293 = FILL_AREA_STYLE_COLOUR('',#3279);
#3294 = STYLED_ITEM('color',(#3295),#143);
#3295 = PRESENTATION_STYLE_ASSIGNMENT((#3296));
#3296 = SURFACE_STYLE_USAGE(.BOTH.,#3297);
#3297 = SURFACE_SIDE_STYLE('',(#3298));
#3298 = SURFACE_STYLE_FILL_AREA(#3299);
#3299 = FILL_AREA_STYLE('',(#3300));
#3300 = FILL_AREA_STYLE_COLOUR('',#3279);
#3301 = STYLED_ITEM('color',(#3302),#169);
#3302 = PRESENTATION_STYLE_ASSIGNMENT((#3303));
#3303 = SURFACE_STYLE_USAGE(.BOTH.,#3304);
#3304 = SURFACE_SIDE_STYLE('',(#3305));
#3305 = SURFACE_STYLE_FILL_AREA(#3306);
#3306 = FILL_AREA_STYLE('',(#3307));
#3307 = FILL_AREA_STYLE_COLOUR('',#3279);
#3308 = STYLED_ITEM('color',(#3309),#194);
#3309 = PRESENTATION_STYLE_ASSIGNMENT((#3310));
#3310 = SURFACE_STYLE_USAGE(.BOTH.,#3311);
#3311 = SURFACE_SIDE_STYLE('',(#3312));
#3312 = SURFACE_STYLE_FILL_AREA(#3313);
#3313 = FILL_AREA_STYLE('',(#3314));
#3314 = FILL_AREA_STYLE_COLOUR('',#3279);
#3315 = STYLED_ITEM('color',(#3316),#203);
#3316 = PRESENTATION_STYLE_ASSIGNMENT((#3317));
#3317 = SURFACE_STYLE_USAGE(.BOTH.,#3318);
#3318 = SURFACE_SIDE_STYLE('',(#3319));
#3319 = SURFACE_STYLE_FILL_AREA(#3320);
#3320 = FILL_AREA_STYLE('',(#3321));
#3321 = FILL_AREA_STYLE_COLOUR('',#3279);
#3322 = STYLED_ITEM('color',(#3323),#214);
#3323 = PRESENTATION_STYLE_ASSIGNMENT((#3324));
#3324 = SURFACE_STYLE_USAGE(.BOTH.,#3325);
#3325 = SURFACE_SIDE_STYLE('',(#3326));
#3326 = SURFACE_STYLE_FILL_AREA(#3327);
#3327 = FILL_AREA_STYLE('',(#3328));
#3328 = FILL_AREA_STYLE_COLOUR('',#3329);
#3329 = COLOUR_RGB('',0.699999984889,9.999999991362E-02,
  5.000000142576E-02);
#3330 = STYLED_ITEM('color',(#3331),#247);
#3331 = PRESENTATION_STYLE_ASSIGNMENT((#3332));
#3332 = SURFACE_STYLE_USAGE(.BOTH.,#3333);
#3333 = SURFACE_SIDE_STYLE('',(#3334));
#3334 = SURFACE_STYLE_FILL_AREA(#3335);
#3335 = FILL_AREA_STYLE('',(#3336));
#3336 = FILL_AREA_STYLE_COLOUR('',#3329);
#3337 = STYLED_ITEM('color',(#3338),#267);
#3338 = PRESENTATION_STYLE_ASSIGNMENT((#3339));
#3339 = SURFACE_STYLE_USAGE(.BOTH.,#3340);
#3340 = SURFACE_SIDE_STYLE('',(#3341));
#3341 = SURFACE_STYLE_FILL_AREA(#3342);
#3342 = FILL_AREA_STYLE('',(#3343));
#3343 = FILL_AREA_STYLE_COLOUR('',#3329);
#3344 = STYLED_ITEM('color',(#3345),#287);
#3345 = PRESENTATION_STYLE_ASSIGNMENT((#3346));
#3346 = SURFACE_STYLE_USAGE(.BOTH.,#3347);
#3347 = SURFACE_SIDE_STYLE('',(#3348));
#3348 = SURFACE_STYLE_FILL_AREA(#3349);
#3349 = FILL_AREA_STYLE('',(#3350));
#3350 = FILL_AREA_STYLE_COLOUR('',#3351);
#3351 = COLOUR_RGB('',0.,0.631244006163,0.748016017657);
#3352 = STYLED_ITEM('color',(#3353),#312);
#3353 = PRESENTATION_STYLE_ASSIGNMENT((#3354));
#3354 = SURFACE_STYLE_USAGE(.BOTH.,#3355);
#3355 = SURFACE_SIDE_STYLE('',(#3356));
#3356 = SURFACE_STYLE_FILL_AREA(#3357);
#3357 = FILL_AREA_STYLE('',(#3358));
#3358 = FILL_AREA_STYLE_COLOUR('',#3351);
#3359 = STYLED_ITEM('color',(#3360),#337);
#3360 = PRESENTATION_STYLE_ASSIGNMENT((#3361));
#3361 = SURFACE_STYLE_USAGE(.BOTH.,#3362);
#3362 = SURFACE_SIDE_STYLE('',(#3363));
#3363 = SURFACE_STYLE_FILL_AREA(#3364);
#3364 = FILL_AREA_STYLE('',(#3365));
#3365 = FILL_AREA_STYLE_COLOUR('',#3351);
#3366 = STYLED_ITEM('color',(#3367),#363);
#3367 = PRESENTATION_STYLE_ASSIGNMENT((#3368));
#3368 = SURFACE_STYLE_USAGE(.BOTH.,#3369);
#3369 = SURFACE_SIDE_STYLE('',(#3370));
#3370 = SURFACE_STYLE_FILL_AREA(#3371);
#3371 = FILL_AREA_STYLE('',(#3372));
#3372 = FILL_AREA_STYLE_COLOUR('',#3351);
#3373 = STYLED_ITEM('color',(#3374),#389);
#3374 = PRESENTATION_STYLE_ASSIGNMENT((#3375));
#3375 = SURFACE_STYLE_USAGE(.BOTH.,#3376);
#3376 = SURFACE_SIDE_STYLE('',(#3377));
#3377 = SURFACE_STYLE_FILL_AREA(#3378);
#3378 = FILL_AREA_STYLE('',(#3379));
#3379 = FILL_AREA_STYLE_COLOUR('',#3351);
#3380 = STYLED_ITEM('color',(#3381),#398);
#3381 = PRESENTATION_STYLE_ASSIGNMENT((#3382));
#3382 = SURFACE_STYLE_USAGE(.BOTH.,#3383);
#3383 = SURFACE_SIDE_STYLE('',(#3384));
#3384 = SURFACE_STYLE_FILL_AREA(#3385);
#3385 = FILL_AREA_STYLE('',(#3386));
#3386 = FILL_AREA_STYLE_COLOUR('',#3351);
#3387 = MECHANICAL_DESIGN_GEOMETRIC_PRESENTATION_REPRESENTATION('',(
    #3388),#3260);
#3388 = STYLED_ITEM('color',(#3389),#451);
#3389 = PRESENTATION_STYLE_ASSIGNMENT((#3390));
#3390 = SURFACE_STYLE_USAGE(.BOTH.,#3391);
#3391 = SURFACE_SIDE_STYLE('',(#3392));
#3392 = SURFACE_STYLE_FILL_AREA(#3393);
#3393 = FILL_AREA_STYLE('',(#3394));
#3394 = FILL_AREA_STYLE_COLOUR('',#3395);
#3395 = COLOUR_RGB('',0.313304153717,0.484529207832,0.410020903123);
ENDSEC;
END-ISO-10303-21;
